topic,specialty,guideline_bodies,practice_guideline_mcqs,latest_guideline_year
"Cerebral amyloid angiopathy (CAA): microbleeds, lobar haemorrhages, diagnostic criteria","Neurology","",4,2025
"Thyroid disease and cardiovascular haemodynamics: AF in thyrotoxicosis, hypothyroid HF","Cardiology","NICE 2021",4,
"Symptomatic bradycardia: atropine, temporary pacing, transcutaneous pacing","","",4,
"New-onset seizure in adults: diagnostic workup, EEG patterns, imaging","Neurology","",4,2022
"MODY: HNF1A GCK HNF4A subtypes - genetic testing and treatment implications","Endocrinology & Diabetes","",4,
"Dementia with Lewy Bodies (DLB): core features, neuroleptic sensitivity management","Neurology","",4,2024
"Non-small cell lung cancer immunotherapy","Oncology","ESMO Precision Medicine Working Group; ASCO-SNO-ASTRO; NCCN",4,
"Antiepileptic drug toxicity: cutaneous reactions, cognitive effects, interactions","Neurology","NICE 2016, amended 2020",4,2023
"Psychogenic non-epileptic seizures (PNES): video-EEG differentiation, management","Neurology","",4,2019
"Focal vs generalised epilepsy syndromes: anticonvulsant choice optimization","Neurology","ILAE 2022; ILAE 2017; ILAE Neurophysiology Task Force 2017",4,2022
"CADASIL: genetic features, MRI findings, clinical course","Neurology","",4,2023
"Secondary stroke prevention antiplatelet anticoagulation","Neurology","NICE 2021; NICE 2014; NICE 2006, amended 2014",8,2024
"Sudden Unexpected Death in Epilepsy (SUDEP): risk factors, patient counselling","Neurology","NICE [2]",4,2017
"Inclusion Body Myositis (IBM): asymmetric weakness, rimmed vacuoles, treatment resistance","Neurology","",4,2005
"Cerebral venous sinus thrombosis (CVST): risk factors, anticoagulation choices","Neurology","",4,2019
"Diabetic amyotrophy: lumbosacral radiculoplexus neuropathy management","Neurology","",4,
"Intracerebral haemorrhage: blood pressure targets, reversal of anticoagulants","Neurology","NICE (electronic decision support); NICE (cell salvage)",4,2024
"Drug-resistant epilepsy: epilepsy surgery workup, vagus nerve stimulation (VNS)","Neurology","ILAE 2012 [5]; NICE [1]; Neurologia (Barcelona, Spain) / ILAE 2012",4,2025
"Moyamoya disease: clinical presentations, surgical revascularisation indications","Neurology","",4,2023
"Aortic stenosis TAVR","","",4,
"Seizures in pregnancy: teratogenicity of AEDs, folate dosing, levels","Neurology","NICE [1]; NICE [4]",4,2025
"Antimicrobial resistance burden","","NICE 2008; NICE 2019; NICE",4,
"Stable coronary disease invasive strategy","","",4,
"Subarachnoid haemorrhage (SAH): vasospasm monitoring, nimodipine protocol, triple-H therapy","Neurology","NICE [1]; NICE [2]; NICE [5]",4,2019
"Absence seizures and juvenile myoclonic epilepsy (JME) therapeutic profiles","Neurology","",4,2024
"Obesity pharmacotherapy","Endocrinology & Diabetes","",4,
"Acute Disseminated Encephalomyelitis (ADEM): paediatric predominance, MRI characteristics","Neurology","",4,
"Neuromyelitis Optica Spectrum Disorder (NMOSD): AQP4-IgG, long extensive transverse myelitis","Neurology","NICE 2014; NICE 2022",4,
"Acute MS relapse: high-dose methylprednisolone vs plasma exchange","Neurology","NICE 2014, Clinical trial LOW; NICE 2014",4,
"Central Nervous System Vasculitis (PACNS): digital subtraction angiography, cyclophosphamide regimens","Neurology","",4,2022
"Corticobasal degeneration: asymmetric alien limb phenomenon, tau pathology","Neurology","",4,2002
"Normal pressure hydrocephalus (NPH): tap test, ventriculoperitoneal shunt selection","Neurology","",4,2004
"Progressive Supranuclear Palsy (PSP): hummingbird sign, vertical gaze palsy","Neurology","",4,2012
"Dystonia classification: focal (blepharospasm, torticollis) and botulinum toxin therapy","Neurology","NICE 2012 (CG145, guideline 3); NICE 2012 (CG145, guideline 5); NICE 2012 (CG145, guideline 6)",4,
"Cluster headache: high-flow oxygen, triptan rescue, verapamil prophylaxis","Neurology","",4,2023
"Ischaemic optic neuropathy: arteritic (GCA) vs non- arteritic (NAION) differentiation","Neurology","",2,2026
"Trigeminal neuralgia: carbamazepine optimization, microvascular decompression","Neurology","EAN 2019, NICE 2021",4,2019
"Advanced melanoma immunotherapy","","",4,
"Essential tremor: medical management (beta-blockers, primidone) vs MR-guided FUS","Neurology","",4,2025
"Medication overuse headache: detoxification strategies, bridging therapies","Neurology","NICE, 2012",4,2011
"Metabolic and mitochondrial myopathies: MELAS, MERRF, ragged red fibres","Neurology","",4,
"Restless Legs Syndrome (RLS): iron store optimization, dopamine agonist augmentation","Neurology","",4,2012
"CAR-T therapy large B-cell lymphoma","","",4,
"Mild cognitive impairment (MCI): amnestic vs non-amnestic progression tracking","Neurology","",4,2018
"Statin-induced necrotising autoimmune myopathy: HMGCR antibody management","Neurology","",4,2016
"Tension-type headache: tricyclic antidepressants, lifestyle interventions","Neurology","NICE 2012",4,2023
"Vascular dementia: Hachinski ischaemic score, subcortical ischaemic vascular dementia","Neurology","NICE [1]; NICE [5]; NICE [3]",4,
"Mononeuritis multiplex: vasculitic causes, nerve biopsy indications","Neurology","",2,
"Myoclonus: classification (cortical vs subcortical), pharmacological approaches","Neurology","NICE 2022; NICE 2020",4,
"Hypertensive emergency: end-organ damage, IV agents, blood pressure targets","Cardiology","NICE 2022; NICE 2004, amended 2019",4,2019
"Benign Paroxysmal Positional Vertigo (BPPV): Dix-Hallpike, Epley manoeuvre","Neurology","",4,2017
"Cauda equina syndrome: surgical emergency signs, post-void residual volumes","Neurology","",4,2016
"Paraneoplastic neurological syndromes: Anti-Hu, Anti-Yo, Anti-Ri","Neurology","",4,2011
"Colorectal cancer adjuvant chemotherapy","Gastroenterology","NCCN 2023; ESMO 2026 [G1] — Preoperative exercise-only interventions si; ESMO 2026 [G5, G6] — Closing rectal defect reduces re-admiss",4,
"Pituitary adenomas: micro vs macro, prolactinoma medical care vs transsphenoidal surgery","Neurology","",4,2022
"Charcot-Marie-Tooth disease: CMT1A duplication, nerve conduction patterns","Neurology","",4,2025
"Cervical spondylotic myelopathy: clinical signs, surgical decompression indications","Neurology","",4,2009
"Syringomyelia: Chiari malformation associations, shunt indications","Neurology","NICE [4]",4,2009
"Neurosarcoidosis: cranial neuropathies, meningeal enhancement, CSF profile","Neurology","",4,2013
"Deep brain stimulation (DBS): STN vs GPi target selection, patient criteria","Neurology","",4,2022
"Papilloedema: funduscopic grading, raised intracranial pressure management","Neurology","",4,2001
"Periodic paralyses: hypokaemic vs hyperkaemic variants, channelopathies","Neurology","",4,2008
"Third, fourth, and sixth cranial nerve palsies: pupil-sparing oculomotor palsy","Neurology","",4,
"Spinal cord infarction: anterior spinal artery syndrome, presentation","Neurology","",4,2026
"Duchenne and Becker muscular dystrophies: dystrophin genetics, cardiomyopathy tracking","Neurology","",4,2025
"Recurrent Clostridioides difficile infection","","",4,
"Vestibular Schwannoma: surveillance vs radiation vs surgery, neurofibromatosis 2","Neurology","NICE [5]; NICE [2]; NICE [4]",4,2024
"Entrapment neuropathies: carpal tunnel, cubital tunnel, peroneal nerve compression","Neurology","",4,2025
"Frontotemporal dementia: behavioural variant, semantic dementia, PNFA","Neurology","NICE [1]; NICE [2]; NICE [4]",4,
"Bariatric surgery in type 2 diabetes","","NICE 2013; NICE 2025",2,
"Idiopathic Intracranial Hypertension (IIH): lumbar puncture opening pressure, acetazolamide, stenting","Neurology","",4,
"Multiple sclerosis disease-modifying therapy","Neurology","NICE 2022",4,
"Beta-blockers in heart failure: carvedilol, bisoprolol, metoprolol succinate titration","Cardiology","NICE 2021",4,2025
"Mechanical complications of myocardial infarction: VSD, free wall rupture, papillary muscle","Cardiology","",4,
"Secondary headaches: red flags (SNOOP4), neuroimaging criteria","Neurology","NICE, ACOG 2022; NICE",4,2022
"Polymyositis and Dermatomyositis: muscle biopsy findings, extramuscular features","Neurology","",4,2005
"Carotid and vertebral artery dissection: antiplatelets vs anticoagulation paradigms","Neurology","",4,2025
"Amyotrophic Lateral Sclerosis (ALS): El Escorial criteria, riluzole, non-invasive ventilation","Neurology","NICE 2016",4,2024
"Drug-induced movement disorders: acute dystonia, akathisia, tardive dyskinesia","Neurology","NICE July 2012",4,2023
"Brain metastases: stereotactic radiosurgery vs whole-brain radiation vs resection","Neurology","NICE 2015, amended 2022; ASCO-SNO-ASTRO 2022",4,2022
"Temporal lobe epilepsy: mesial temporal sclerosis, anterior temporal lobectomy","Neurology","",4,2017
"Chronic Inflammatory Demyelinating Polyradiculoneuropathy (CIDP): electrodiagnostic criteria, maintenance therapies","Neurology","",4,2021
"Diverticulitis: Hinchey classification, antibiotic use, surgical indications","Neurology","",4,2022
"Peptic ulcer bleeding and H pylori","","NICE 2004, amended 2014; NICE 2004",3,
"Lambert-Eaton Myasthenic Syndrome (LEMS): VGCC antibodies, small cell lung cancer connection","Neurology","",4,2011
"Internuclear ophthalmoplegia (INO): MLF lesion localization, management","Neurology","",4,
"Pure Autonomic Failure and Orthostatic Hypotension: midodrine, fludrocortisone optimization","Neurology","",4,2016
"Lung cancer screening low-dose CT","","",4,
"Hospital-acquired and ventilator-associated pneumonia","","",4,
"Mechanical thrombectomy: extended time windows, ASPECT scores, CT perfusion","Neurology","",4,2014
"Acute limb ischaemia: Rutherford classification, embolectomy, thrombolysis","Cardiology","",2,2023
"Meningioma: WHO grading, observation guidelines, surgical margins","Neurology","NICE 2018 (Guideline [2]); NICE 2018 (Guideline [6]); NICE 2018 (Guideline [3])",4,2021
"Postural Orthostatic Tachycardia Syndrome (POTS): tilt table, non-pharmacological","Neurology","",4,2020
"Tourette syndrome: tics management, alpha-2 agonists, habit reversal therapy","Neurology","",4,
"Multiple System Atrophy (MSA): MSA-P vs MSA-C, autonomic failure profiling","Neurology","",4,2021
"Myasthenic crisis: intubation thresholds, IVIG vs plasmapheresis, steroid warnings","Neurology","",4,
"Heart failure with reduced ejection fraction","Cardiology","NICE [3], NICE [4]; NICE [5], NICE [6]; NICE [3]",4,2025
"Abdominal aortic aneurysm: surveillance thresholds, EVAR vs open repair","Cardiology","NICE [1]; NICE [2]; NICE [5], [6] (implied threshold)",4,2021
"Acute aortic dissection: Stanford classification, imaging, surgical vs medical management","Cardiology","KDIGO [3]",4,2021
"Acute decompensated heart failure: diuretic titration and decongestion strategies","Cardiology","NICE 2021",4,2022
"Atrial fibrillation anticoagulation","Cardiology","NICE 2021; NICE 2006, amended 2014",8,2023
"Heart failure with preserved ejection fraction","Cardiology","",4,2024
"Influenza antiviral treatment","","NICE guidelines on ARI",4,
"Cardiac resynchronisation therapy: patient selection, QRS criteria, response predictors","Cardiology","",4,2005
"Narrow-complex tachycardias: SVT diagnosis, vagal manoeuvres, adenosine, ablation","Cardiology","",4,2025
"Chronic coronary syndrome: stable angina assessment and revascularisation decisions","Cardiology","NICE guideline [4]; NICE guideline [1]; NICE guideline [3]",4,2024
"Cocaine-induced myocardial infarction: pathophysiology and management","Cardiology","",4,
"Dilated cardiomyopathy: aetiology workup, genetic testing, device therapy","Cardiology","",4,2023
"Heart failure remote monitoring: biomarkers, implantable sensors, telemonitoring","Cardiology","",4,2024
"Cardiac amyloidosis: TTR vs AL, tafamidis, diagnosis with bone scintigraphy","Cardiology","",4,2026
"Inherited arrhythmia syndromes: long QT, Brugada, catecholaminergic VT, ARVC","Cardiology","",4,2026
"MINOCA: ischaemia with non-obstructive coronary arteries workup and management","Cardiology","",4,2024
"Hypertrophic cardiomyopathy: obstruction management, SCD risk stratification, mavacamten","Cardiology","",4,2024
"Wide-complex tachycardias: VT vs SVT with aberrancy, Brugada algorithm","Cardiology","NICE",4,2022
"Peripartum cardiomyopathy: bromocriptine, timing of delivery, LV recovery","Cardiology","NICE",4,
"Peripheral artery disease: ABI interpretation, medical therapy, revascularisation","Cardiology","NICE 2012",4,2024
"Pulmonary hypertension: WHO classification, haemodynamic definitions, targeted therapy","Cardiology","",4,2026
"Venous thromboembolism anticoagulation","Cardiology","",4,
"Acute pericarditis: colchicine, NSAIDs, recurrence prevention","Cardiology","",4,2000
"Transoesophageal echocardiography: indications, LA thrombus, valve assessment","Cardiology","",4,
"Adult congenital heart disease: Eisenmenger syndrome, residual lesions, transition care","Cardiology","NICE 2021; NICE 2014",4,2025
"Aortic stenosis: grading severity, low-flow low-gradient, intervention timing","Cardiology","[4] NICE",4,2020
"Chronic aortic regurgitation: surveillance intervals and surgical timing","Cardiology","",4,
"Cardiovascular magnetic resonance: viability, myocarditis, cardiomyopathy assessment","Cardiology","NICE 2012",4,2025
"Mitral stenosis: commissurotomy vs valve replacement, rheumatic disease","Cardiology","NICE [5], [6]",4,2021
"COPD maintenance bronchodilator combination therapy","","6 NICE",4,
"Constrictive pericarditis: haemodynamic features, pericardiectomy indications","Cardiology","",4,2024
"Coronary artery calcium scoring: risk reclassification and preventive decision-making","Cardiology","",4,2017
"Cardio-oncology: chemotherapy cardiotoxicity, checkpoint inhibitor myocarditis, surveillance","Cardiology","",4,2025
"Group 1 pulmonary arterial hypertension: ERA, PDE5i, prostacyclin, combination therapy","Cardiology","",4,
"Coronary CT angiography: FFRCT, plaque characterisation, clinical applications","Cardiology","",4,2023
"Drug-induced QT prolongation: risk stratification, offending drugs, monitoring","Cardiology","",4,2021
"Resistant hypertension: aldosterone antagonism, renal denervation, workup","Cardiology","[3] NICE 2019; [1] NICE 2019; [2] NICE 2019",4,
"Anticoagulation for mechanical heart valves: INR targets, bridging strategies","Cardiology","[2] NICE; [5] NICE; [4] NICE",4,
"Infective endocarditis: Duke criteria, empiric antibiotics, surgical indications","Cardiology","NICE [6]",4,2015
"Primary mitral regurgitation: watchful waiting vs surgical repair timing","Cardiology","",4,2022
"Prosthetic valve thrombosis: thrombolysis vs surgery, anticoagulation intensification","Cardiology","",4,2012
"Stress echocardiography: protocols, ischaemia detection, viability assessment","Cardiology","",4,2024
"Tricuspid regurgitation: functional vs primary, transcatheter repair options","Cardiology","",4,2025
"Refractory ventricular fibrillation: double sequential defibrillation, amiodarone","Cardiology","",4,2019
"ACE inhibitors and ARBs in cardiovascular disease: renal monitoring, hyperkalaemia","Cardiology","NICE 2019, PloS one; NICE 2019",4,2025
"Class III antiarrhythmics: amiodarone, sotalol, dronedarone toxicity monitoring","Cardiology","",4,
"Air embolism: venous vs arterial, Trendelenburg positioning, hyperbaric oxygen","Cardiology","",4,
"Cardiac arrest in special circumstances: pregnancy, drowning, hypothermia, PE","Cardiology","",2,2025
"STEMI: electrocardiographic mimics and reperfusion decision","Cardiology","",4,
"SGLT2 inhibitors in cardiovascular disease: empagliflozin, dapagliflozin, renal protection","Cardiology","",4,2024
"Coronary revascularisation in multivessel disease: SYNTAX score, PCI vs CABG","Cardiology","[NICE 4], [ESC 6]; [NICE 3]; [NICE 2], [ESC 6]",4,2023
"Direct oral anticoagulants: dabigatran, rivaroxaban, apixaban, reversal agents","Cardiology","ISTH SSC",4,2024
"ESC guideline updates: annual revisions, class of recommendation framework","Cardiology","NICE recommendation 1.5.3; NICE guideline on drug misuse prevention",4,2015
"Key lipid-lowering trials: 4S, HPS, FOURIER, ODYSSEY interpretation","Cardiology","",4,2024
"Massive pulmonary embolism: thrombolysis, catheter-directed therapy, ECMO","Cardiology","",4,
"Mineralocorticoid receptor antagonists: spironolactone, eplerenone, finerenone","Cardiology","KDIGO",4,2025
"PEA and asystole: reversible causes, ACLS algorithm, high-quality CPR","Cardiology","",4,2017
"Perioperative cardiovascular risk assessment: revised cardiac risk index, pre-op optimisation","Cardiology","",4,2025
"Post-cardiac arrest syndrome: targeted temperature management, haemodynamic optimisation","Cardiology","",2,
"Quality measures in acute MI: PPCI door-to-balloon, secondary prevention audits","Cardiology","",4,2025
"Radiation-induced heart disease: coronary artery disease, valvular, pericardial","Cardiology","",4,2013
"Cardiac device malfunctions: pacemaker failure, ICD inappropriate shocks, troubleshooting","Cardiology","",4,2023
"Cardiac device safety: MRI conditional pacing, electromagnetic interference, recalls","Cardiology","NICE 2010 guideline 1 (Health and Safety at Work etc Act 197; NICE 2010 guideline 2 (Implantable event recorder follow-up)",4,2024
"Refractory angina: enhanced external counterpulsation, spinal cord stimulation","Cardiology","",4,2011
"Antibiotic prophylaxis for infective endocarditis: high-risk procedures and patients","Cardiology","NICE 2015",4,2024
"Community-Acquired Pneumonia","Pulmonology","ESCMID 2011; PIDS/IDSA 2011, BTS 2009",4,2026
"Cardiac myxoma: clinical features, embolism risk, surgical excision","Cardiology","",4,2021
"Acute myocarditis: Dallas criteria, cardiac MRI, immunosuppression indications","Cardiology","",4,2023
"Cardiogenic shock: classification and early mechanical circulatory support","Cardiology","NICE; ESICM 2025, NICE; ESICM",4,2025
"Sleep apnoea and cardiovascular disease: CPAP, AF risk, hypertension, arrhythmia","Cardiology","",4,
"Chronic venous insufficiency: compression therapy, ablation, venous ulcer management","Cardiology","NICE",4,2025
"Syncope evaluation: tilt table testing, loop recorder, reflex vs cardiac causes","Cardiology","",4,
"CKD and ischaemic heart disease: contrast nephropathy, antiplatelet choices","Cardiology","NICE 2019; NICE 2011",4,
"Class I antiarrhythmics: flecainide, propafenone, quinidine, use and contraindications","Cardiology","European journal of clinical pharmacology; NICE 2014; NICE; NICE 2014",4,2022
"Takotsubo cardiomyopathy: diagnostic criteria, management, recurrence","Cardiology","",4,2007
"Secondary mitral regurgitation: transcatheter MitraClip vs medical therapy, COAPT trial","Cardiology","",4,2025
"Transcatheter aortic valve implantation (TAVI): patient selection, access, complications","Cardiology","",4,2017
"Dual antiplatelet therapy: duration, P2Y12 selection, and bleeding risk balancing","Cardiology","",4,2024
"Dyslipidaemia: LDL targets, statin intensification, PCSK9 inhibitors","Cardiology","NICE 2014, amended December 2023; NICE TA694, 2021",4,2016
"ICD deactivation and advanced care directives: ethical framework, shared decision-making","Cardiology","",4,
"Intravenous inotropes: dobutamine, milrinone, levosimendan in acute heart failure","Cardiology","EFIM 2021, NICE 2018; NICE 2018",4,
"Preventive cardiology: cardiovascular risk calculators, primary prevention guidelines","Cardiology","",4,2025
"Autonomic dysfunction in cardiovascular disease: POTS, OH, vagal syncope","Cardiology","",4,2016
"Nitrate therapy: GTN, isosorbide mononitrate, tolerance, combination use","Cardiology","",4,2004
"Rheumatological disease and the heart: SLE myocarditis, AS aortitis, RA pericarditis","Cardiology","",4,2024
"Chronic Thromboembolic Pulmonary Hypertension","Pulmonology","",4,2011
"Bronchoscopic Lung Volume Reduction","Pulmonology","",4,2021
"Antimicrobial stewardship: IV to oral switch, duration of therapy, procalcitonin-guided therapy","Infectious Diseases","",4,2024
"Hepatitis C: DAA therapy, pangenotypic regimens, SVR12, HCV cure, screening","Infectious Diseases","AASLD ISDA; EASL",4,2026
"Bacterial meningitis: empirical antibiotics, dexamethasone, LP contraindications, CSF interpretation","Infectious Diseases","",4,2016
"TB treatment: RIPE regimen, hepatotoxicity monitoring, directly observed therapy, drug-resistant TB","Infectious Diseases","",4,2025
"Central line-associated bloodstream infection CLABSI: prevention bundles, diagnosis, treatment","Infectious Diseases","",4,2025
"MRSA: decolonisation, mupirocin, chlorhexidine, glycopeptides, daptomycin, linezolid","Infectious Diseases","Infectious Diseases Society of America (IDSA)",4,2024
"Schizophrenia antipsychotic treatment strategies","","",4,
"Transthyretin amyloidosis treatment","","",4,
"HIV: initial diagnosis, CD4 count, viral load, when to start ART","Infectious Diseases","",4,2025
"HIV opportunistic infections: PCP prophylaxis thresholds, MAC, CMV retinitis, toxoplasmosis","Infectious Diseases","",4,2016
"Infective endocarditis: Duke criteria, blood cultures, echocardiography, surgical indications","Infectious Diseases","",4,2015
"Post-exposure prophylaxis PEP: occupational and non-occupational, 72-hour window, regimen","Infectious Diseases","",4,2024
"Prosthetic joint infection: two-stage vs one-stage revision, biofilm, rifampicin combinations","Infectious Diseases","",4,2020
"Tuberculosis: active vs latent TB, Mantoux, IGRA, NICE guidance, contact tracing","Infectious Diseases","",4,2026
"Urinary tract infections: uncomplicated vs complicated, catheter-associated, treatment duration","Infectious Diseases","",4,2024
"Viral encephalitis: HSV encephalitis, aciclovir, CSF PCR, MRI findings, empirical approach","Infectious Diseases","",4,2012
"Drug-Resistant TB","Pulmonology","",4,2020
"Lupus nephritis induction and maintenance therapy","","",4,
"Dengue fever: clinical phases, NS1 antigen, DHF warning signs, fluid management","Infectious Diseases","",4,2010
"Gonorrhoea resistance: ceftriaxone-azithromycin dual therapy, reduced susceptibility, test of cure","Infectious Diseases","NICE",0,
"Diabetic foot infection: osteomyelitis diagnosis, MDT approach, antibiotic duration, bone biopsy","Infectious Diseases","SPILF 2023 [1]; SPILF 2023 [3]; SPILF 2023 [4]",4,2023
"Syphilis: staging, serology interpretation, penicillin treatment, neurosyphilis management","Infectious Diseases","",4,2024
"Osteomyelitis: acute vs chronic, MRI, bone biopsy, oral vs IV antibiotics, OVIVA trial","Infectious Diseases","PIDS/IDSA Strong; IDSA Strong; IDSA",4,2021
"Brucellosis: occupational exposure, serology, doxycycline-rifampicin combination, relapse","Infectious Diseases","",4,2017
"Meningococcal disease: purpuric rash, IV benzylpenicillin, chemoprophylaxis, vaccination","Infectious Diseases","ACIP: Routine vaccination with quadrivalent meningococcal co; ACIP: Booster doses of serogroup B meningococcal (MenB) vacc; ACIP: Meningococcal polysaccharide-protein conjugate vaccine",4,2020
"Hepatitis B: natural history, HBeAg, HBsAg, HBV DNA, antiviral indications, tenofovir","Infectious Diseases","AASLD 2018, EASL 2017; AASLD ISDA Practice Guideline on treatment of chronic hepatitis B; EASL Clinical Practice Guidelines on the management of hepatitis B virus infection",4,2026
"Influenza: neuraminidase inhibitors, oseltamivir timing, high-risk groups, vaccination","Infectious Diseases","ACIP; American Academy of Pediatrics, ACIP",4,2025
"Intra-abdominal infections: source control principles, empirical antibiotics, peritonitis","Infectious Diseases","IDSA 2023; IDSA/ASM 2023; IDSA",4,2024
"Lyme disease: Borrelia, tick bite, erythema migrans, disseminated disease, doxycycline","Infectious Diseases","",4,2025
"Malaria: P. falciparum vs non-falciparum, artemisinin-based therapy, severe malaria, quinine","Infectious Diseases","",4,2008
"Necrotising fasciitis: diagnosis, LRINEC score, surgical debridement, polymicrobial coverage","Infectious Diseases","Infectious Diseases Society of America (IDSA) guidelines for",4,2004
"Sexually transmitted infections: gonorrhoea, chlamydia, syphilis: diagnostic tests and treatment","Infectious Diseases","",4,2024
"Typhoid fever: Salmonella typhi, Widal test, blood culture, azithromycin, ceftriaxone","Infectious Diseases","",4,1992
"Type 1 diabetes mellitus: autoimmune markers, insulin regimens, honeymoon phase","Endocrinology & Diabetes","",4,
"Antifungal agents: azoles, echinocandins, polyenes: mechanisms, spectrum, drug interactions","Infectious Diseases","",4,2021
"Viral hepatitis A and E: faeco-oral transmission, self-limiting, vaccination, fulminant hepatitis","Infectious Diseases","EASL 2018",4,2025
"Infection prevention and control: standard precautions, contact isolation, hand hygiene evidence","Infectious Diseases","World Health Organization (WHO) 'My Five Moments for Hand Hy",4,2026
"Legionella pneumophila: urinary antigen, pontiac fever, cooling towers, azithromycin, quinolones","Infectious Diseases","IDSA 2016; Infectious Diseases Society of America (IDSA)",4,1999
"Tetanus: immunisation status, wound assessment, tetanus immunoglobulin, metronidazole","Infectious Diseases","ACIP 2018; American Academy of Pediatrics 1977, ACIP 2018; EULAR 2020",4,2020
"Advanced urothelial carcinoma treatment","","NICE guideline [3]; NICE guideline [1]; NICE guideline [5]",4,
"Beta-lactam allergy: penicillin allergy delabelling, cross-reactivity, skin testing, graded challenge","Infectious Diseases","British Society for Allergy and Clinical Immunology (BSACI);; British Society for Allergy and Clinical Immunology (BSACI)",4,2024
"Leishmaniasis: visceral vs cutaneous, kala-azar, liposomal amphotericin B, diagnosis","Infectious Diseases","",4,2026
"Pulmonary arterial hypertension targeted therapy","","NICE guideline [1]; NICE guidelines [4], [5]; NICE guideline [6]",4,
"Novel antibiotics for resistant Gram-negatives: ceftazidime-avibactam, cefiderocol, imipenem-relebactam","Infectious Diseases","NICE",0,2026
"Rabies: post-exposure prophylaxis, immunoglobulin, vaccine schedule, wound management","Infectious Diseases","ACIP [1], [4]; ACIP [2]; ACIP [3]",4,2008
"Septic arthritis: Staphylococcus, Gonococcal, joint washout, antibiotic selection","Infectious Diseases","",4,2024
"Streptococcal infections: Group A Strep, scarlet fever, rheumatic fever, toxic shock syndrome","Infectious Diseases","",4,2018
"Asbestosis","Pulmonology","",4,2024
"Hepatitis D: superinfection vs coinfection, severity, peginterferon, bulevirtide","Infectious Diseases","EASL 2025, ACG 2017; EASL 2025, AASLD ISDA 2026; AASLD ISDA 2026, EASL 2025",4,2026
"Endobronchial ultrasound-guided transbronchial needle aspiration","Pulmonology","",4,2016
"Venous thromboembolism direct oral anticoagulant therapy","","",4,
"Biofilm-associated infections: chronic wounds, prosthetics, catheters, rifampicin strategies","Infectious Diseases","ESCMID",3,2015
"Endocarditis prophylaxis: NICE guidance, high-risk cardiac lesions, dental procedures","Infectious Diseases","",4,2015
"Notifiable diseases in the UK: statutory notification, Public Health England, outbreak investigation","Infectious Diseases","ACIP, CDC; ACIP",4,2011
"Surgical site infections: classification, risk factors, prophylaxis timing, MRSA decolonisation","Infectious Diseases","ESCMID/ECIC [1]; ESCMID/ECIC",4,2024
"Pertussis: clinical stages, macrolide treatment, post-exposure prophylaxis, vaccination","Infectious Diseases","ACIP: Infants and young children are recommended to receive; ACIP",4,2018
"Infection in pregnancy: GBS screening, listeria, toxoplasmosis, antiviral safety","Infectious Diseases","",4,2026
"Pandemic preparedness: lessons from COVID-19, surveillance, stockpiling, One Health approach","Infectious Diseases","",4,2020
"Spontaneous bacterial peritonitis SBP: ascites PMN count, cefotaxime, albumin, secondary prophylaxis","Infectious Diseases","",4,2024
"Antimicrobial resistance mechanisms: beta-lactamases, efflux pumps, porins, target modification","Infectious Diseases","",4,2005
"Allergic Bronchopulmonary Aspergillosis","Pulmonology","",4,2024
"Connective Tissue Disease-Associated ILD","Pulmonology","ERS/EULAR [1]; ERS/EULAR",0,2026
"Lymphangioleiomyomatosis","Pulmonology","",4,2025
"Pancoast Tumors","Pulmonology","",4,2013
"Hypersensitivity Pneumonitis","Pulmonology","",4,2025
"Pulmonary Arteriovenous Malformations","Pulmonology","",4,2024
"Cryptogenic Organizing Pneumonia","Pulmonology","",4,2019
"Solitary Pulmonary Nodule","Pulmonology","",4,2014
"Infectious diarrhoea: Campylobacter, Salmonella, STEC O157, norovirus, antibiotic indications","Infectious Diseases","",4,2009
"Sepsis and septic shock","Infectious Diseases","ACCP/SCCM Consensus Conference Committee; ACCP/SCCM Consensus Conference Committee (implied by Sepsis-",4,2025
"Pulmonary embolism diagnosis","Pulmonology","",4,2011
"Drug-Induced ILD","Pulmonology","EASL Clinical Practice Guidelines: Drug-induced liver injury",0,2021
"Rickettsial diseases: Rocky Mountain spotted fever, typhus, doxycycline, eschar recognition","Infectious Diseases","",4,2016
"Endemic Mycoses","Pulmonology","",4,2008
"ADHD pharmacotherapy (stimulants and comparative meta-analysis)","","",4,
"Hepatopulmonary Syndrome","Pulmonology","",4,2026
"Lung Cancer screening guidelines","Pulmonology","",4,2023
"Pulmonary Alveolar Proteinosis","Pulmonology","",4,2024
"Pyelonephritis: inpatient vs outpatient management, Gram-negative coverage, imaging indications","Infectious Diseases","",4,2022
"Acute severe asthma","Pulmonology","",4,2002
"Hyperventilation Syndrome","Pulmonology","",4,
"Silicosis","Pulmonology","",4,2025
"Smoking cessation pharmacotherapy","","",4,
"Malignant Pleural Effusion","Pulmonology","",4,2013
"Chylothorax","Pulmonology","",4,2026
"Hemothorax","Pulmonology","",4,2021
"High Altitude Pulmonary Edema","Pulmonology","",4,2019
"Occupational Asthma","Pulmonology","",4,2014
"Pneumomediastinum","Pulmonology","",4,2026
"Cryptococcal meningitis: India ink, cryptococcal antigen, amphotericin B, flucytosine, fluconazole","Infectious Diseases","",4,2024
"Alpha-1 Antitrypsin Deficiency","Pulmonology","",4,2022
"Acute and recurrent pericarditis colchicine","","",4,
"Fractional Exhaled Nitric Oxide","Pulmonology","",4,2020
"Pulmonary Tuberculosis","Pulmonology","",4,2025
"Aspiration Pneumonia","Pulmonology","",4,2025
"Bronchial Provocation Testing","Pulmonology","",4,2015
"Flexible Bronchoscopy","Pulmonology","",4,2017
"Hypercapnic Respiratory Failure","Pulmonology","",4,2020
"Invasive Pulmonary Aspergillosis","Pulmonology","",4,2025
"Tracheobronchomalacia","Pulmonology","",4,2024
"Long-Term Oxygen Therapy","Pulmonology","",4,2024
"Lung Transplantation","Pulmonology","",4,2024
"Nonspecific Interstitial Pneumonia","Pulmonology","",4,2021
"Nontuberculous Mycobacterial Lung Disease","Pulmonology","",4,1997
"Pulmonary Rehabilitation","Pulmonology","",4,2025
"Six-Minute Walk Test","Pulmonology","",4,2020
"Thoracic Ultrasound","Pulmonology","",4,2026
"Spontaneous Pneumothorax","Pulmonology","ERS/EACTS/ESTS, American College of Chest Physicians; ERN GENTURIS, ERS/EACTS/ESTS, American College of Chest Phys; ERS/EACTS/ESTS",4,2024
"Ventricular tachycardia catheter ablation","","",4,
"Resistant hypertension renal denervation","","",2,
"Post-cardiac arrest targeted temperature management","","",4,
"Aspirin for primary cardiovascular prevention","","NICE [2]; NICE [6]; NICE [4], [3]",4,
"Cardiac implantable electronic device infection","","",4,
"Pregnancy in chronic kidney disease","","1 NICE 2019; 2 & 3 NICE 2019; 4 NICE 2019",4,
"Drug-induced acute interstitial nephritis","","",4,
"Parkinson disease deep brain stimulation","","NICE 2017 [1]; NICE 2017 [3]; NICE 2017 [2]",4,
"Herpes zoster: dermatomal distribution, antivirals, post-herpetic neuralgia, vaccination in elderly","Infectious Diseases","",4,2020
"Vocal Cord Dysfunction","Pulmonology","",4,2017
"Functional neurological disorder treatment","","NICE guideline [5]; NICE guideline [3]; NICE guideline [4]",3,
"Corticosteroids in septic shock","","",4,
"Renal replacement therapy timing in acute kidney injury","","NICE (General RRT Consensus)",1,
"Targeted temperature management after cardiac arrest","","",4,
"Traumatic brain injury ICU management","","",4,
"Fluid resuscitation type in sepsis and critical illness","","ACCP/SCCM Consensus Conference Committee; ESICM",4,
"Prone positioning in severe ARDS","","ESICM 2017; ATS/ESICM/SCCM 2017; ESICM 2017, Intensive Care Medicine 2019",4,
"Cardiogenic shock: intra-aortic balloon pump and revascularization","","",4,
"Red blood cell transfusion threshold in critical illness","","",4,
"Vasopressor selection in septic and distributive shock","","",4,
"Nutritional support strategy in critical illness","","NICE",4,
"Procalcitonin-guided antibiotic de-escalation in ICU","","NICE 2025",2,
"Neuromuscular blockade in early ARDS","","ESICM 2017; ATS/ESICM/SCCM 2017",4,
"Metabolic resuscitation in sepsis: vitamin C and corticosteroid bundle","","",4,
"COVID-19 critical care: dexamethasone and immunomodulation","","NICE 2018",4,
"Early mobilization and physical rehabilitation in ICU","","NICE [3]; NICE [2]; NICE [1]",4,
"Venovenous ECMO for severe ARDS","","ESICM 2017; ATS/ESICM/SCCM 2017",4,
"Stress ulcer prophylaxis in critically ill patients","","",4,
"Liberation from mechanical ventilation: weaning protocols","","",4,
"ICU-acquired delirium: prevention, assessment, and treatment","","",4,
"Multidrug-resistant TB: MDR, XDR definitions, bedaquiline, delamanid, novel regimens","Infectious Diseases","",4,2024
"High-flow nasal oxygen in acute hypoxemic respiratory failure","","",4,
"Small fibre neuropathy: skin biopsy quantification, autonomic function testing","Neurology","",4,
"Anticoagulation for mechanical heart valves","","NICE [2]; NICE [3]; NICE [1]",4,
"Vericiguat in worsening heart failure","","",4,
"Cardiac myosin activator therapy in HFrEF","","",1,
"Acute myocarditis diagnosis and management","","NICE Guideline 1; NICE Guideline 2; NICE Guideline 3",4,
"Inclisiran for LDL cholesterol lowering","","",4,
"Barrett esophagus dysplasia endoscopic eradication","","",4,
"Celiac disease diagnosis and monitoring","","NICE 2008",1,
"Microscopic colitis budesonide therapy","","NICE 2019, NICE 2012; NICE 2012",2,
"Acute uncomplicated diverticulitis management","","",4,
"Chronic pancreatitis pain and exocrine insufficiency","","NICE 2010 [6], NICE 2010 [4]; NICE 2010 [4], NICE 2010 [6]; NICE [2]",4,
"Choledocholithiasis and acute cholangitis","","",4,
"Post-ERCP pancreatitis prevention","","",4,
"High-frequency oscillatory ventilation and lung recruitment in severe ARDS","","ESICM 2019, ATS/ESICM/SCCM 2017; ESICM 2019; ATS/ESICM/SCCM 2017",4,
"Corticosteroids in ARDS","","ATS/ESICM/SCCM 2023",2,
"Mean arterial pressure targets in septic shock","","",4,
"Subarachnoid hemorrhage ICU management","","NICE [2]; NICE [5]; NICE [6]",4,
"Bempedoic acid cardiovascular outcomes","","NICE TA694, 2021; NICE CG71, 2008 (amended 2023)",4,
"Pneumocystis jirovecii Pneumonia","Pulmonology","",4,2017
"Creutzfeldt-Jakob Disease (CJD): 14-3-3 protein, RT-QuIC, cortical ribboning","Neurology","NICE Guidelines",2,2001
"Central line-associated bloodstream infection prevention in ICU","","",4,
"Candidemia and invasive fungal infections in the ICU","","",4,
"Tranexamic acid and damage control resuscitation in trauma","","NICE 2016",4,
"Conservative versus liberal fluid strategy in ARDS (FACTT trial)","","[2] ESICM: Do not use prolonged high-pressure recruitment ma; [1] ESICM: Do not use routine continuous neuromuscular block",4,
"Alcohol withdrawal syndrome and delirium tremens management in ICU","","[2] NICE, [3] NICE; [3] NICE; [2] NICE",4,
"ARDS epidemiology and global burden (LUNG SAFE study)","","ESICM (conditional), Intensive Care Medicine (Strong); ESICM (strong); ATS/ESICM/SCCM (Strong)",4,
"Post-intensive care syndrome and long-term ICU outcomes","","NICE 2023 [3]; NICE 2010 [2]; NICE 2023 [1]",4,
"ARDS definition: Berlin criteria and severity classification","","ESICM (Guideline 1)",1,
"Neutropenic sepsis: MASCC score, empirical piperacillin-tazobactam, antifungal escalation","Infectious Diseases","",4,2003
"Coronary angiography timing after cardiac arrest","","NICE guideline [5]; NICE guideline [1]; NICE guideline [4]",4,
"5q-minus Syndrome","Haematology","NCCN Guidelines for MDS (general knowledge, not from provide",0,
"Polycythemia vera: ruxolitinib for hydroxyurea-resistant or intolerant disease","","",4,
"Follicular lymphoma: obinutuzumab-based and lenalidomide-rituximab regimens","","[3] NICE June 2026; [1] MODERATE, [2] TA226 2011, [4] NICE June 2026, [5] NICE",4,
"Immune thrombocytopenia: thrombopoietin receptor agonists","","",4,
"Botulism: foodborne vs wound vs infantile, antitoxin, ICU respiratory support","Infectious Diseases","",4,2021
"Aplastic anaemia: immunosuppression with ATG and eltrombopag","","",3,
"Disseminated intravascular coagulation: diagnostic criteria and management","","",3,
"Iron deficiency anaemia: intravenous iron therapy","","[5] NICE; [2] NICE; [1] NICE",4,
"Anticoagulation in atrial fibrillation: CHA2DS2-VASc scoring and DOAC selection","Cardiology","NICE 2021 [4], AWMF [1]; NICE 2021 [3]; NICE 2021 [2]",4,2007
"Obstructive Sleep Apnea","Pulmonology","",4,2022
"Acute pulmonary oedema: NIV, morphine controversy, nitrates, ultrafiltration","Cardiology","NICE",4,2024
"Acute Gouty Arthritis","Rheumatology","",4,
"Chronic Myelomonocytic Leukaemia","Haematology","",4,
"Autoimmune encephalitis: Anti-NMDA receptor, LGI1, Caspr2 antibody profiles","Neurology","",4,2023
"Von Willebrand Disease","Haematology","",4,
"ARDS","ICU / Critical Care","NICE 2023 [G1] — Do not use extracorporeal carbon dioxide re; ESICM 2023 [G2] — Reserve neuromuscular blockade for selecte; ESICM 2023 [G5] — Do not use prolonged high-pressure recruit",4,
"Spontaneous intracranial hypotension: orthostatic headache, brain sag on MRI, blood patch","Neurology","",4,2025
"Triple-Negative Breast Cancer","Oncology","ASCO 2016, NCCN 2023; NCCN 2023",4,
"Hormone Receptor-Positive Breast Cancer","Oncology","ASCO guideline [1]; ASCO guideline [2]; ASCO guideline [3]",4,
"Systemic Mastocytosis","Haematology","NCCN Clinical Practice Guidelines in Oncology [3]; NCCN Guidelines [1, 2]; NCCN Guidelines [1]",4,
"Thyroid Cancer Management","Oncology","",4,
"Male Breast Cancer","Oncology","ASCO [3]",4,
"Oesophageal Cancer","Oncology","ESMO [2]",4,
"Nephrotic Syndrome: Overview and Workup","Nephrology","KDIGO 2025 IgAN guideline",4,
"CKD Staging and Progression","Nephrology","KDIGO Guidelines",0,
"Acute kidney injury prevention management","ICU / Critical Care","KDIGO",0,
"Massive pulmonary embolism: systemic thrombolysis vs catheter-directed therapy","ICU / Critical Care","",4,
"Organophosphate poisoning: mechanism, atropine, pralidoxime","ICU / Critical Care","",4,
"Rhabdomyolysis: causes, AKI prevention, fluid targets","ICU / Critical Care","",4,
"Radiation Pneumonitis","Oncology","",4,
"Latent autoimmune diabetes in adults LADA: GAD antibodies, insulin progression","Endocrinology & Diabetes","",4,
"Behcet disease: oral and genital ulcers, uveitis, pathergy, colchicine, immunosuppression","Rheumatology","",4,
"Diabetic ketoacidosis DKA: fluid protocols, insulin infusion, potassium replacement","Endocrinology & Diabetes","",4,
"Hyperosmolar hyperglycaemic state HHS: osmolarity calculation, fluid replacement","Endocrinology & Diabetes","",4,
"Methotrexate in RA: dosing, folate supplementation, monitoring, toxicity","Rheumatology","EULAR",4,
"Hypoglycaemia: causes, treatment thresholds, hypoglycaemia unawareness","Endocrinology & Diabetes","",4,
"Continuous glucose monitoring CGM: time-in-range targets, hybrid closed loop","Endocrinology & Diabetes","NICE 2020",4,
"Pagets disease of bone: elevated ALP, bisphosphonate therapy, complications","Endocrinology & Diabetes","",4,
"RA and cardiovascular risk: accelerated atherosclerosis, NSAIDs, coxib caution","Rheumatology","",4,
"JAK inhibitors in RA: tofacitinib, baricitinib, upadacitinib: efficacy and cardiovascular safety","Rheumatology","EULAR; EULAR [3], AAAAI/ACAAI [1]; EULAR [3]",4,2024
"Extra-articular RA: nodules, vasculitis, ILD, Felty syndrome, ocular involvement","Rheumatology","",4,
"Diabetic nephropathy: UACR staging, SGLT2 inhibitors, ACE inhibitor timing","Endocrinology & Diabetes","General consensus (e.g., KDIGO, ADA); General consensus (e.g., ACOG, NICE); NICE [2, 3, 4, 5]",4,
"Adrenal crisis: hydrocortisone emergency protocol, trigger avoidance, sick day rules","Endocrinology & Diabetes","NICE [1]; NICE [2]; NICE [3]",4,
"Adrenal incidentaloma: imaging characteristics, biochemical workup, surveillance protocol","Endocrinology & Diabetes","",4,
"RA in pregnancy: disease course, drug safety, biologics, MTX cessation","Rheumatology","",4,
"Prolactinoma: microprolactinoma vs macroprolactinoma, cabergoline, surgical indications","Endocrinology & Diabetes","",4,
"Perioperative management of RA: holding DMARDs and biologics for surgery","Rheumatology","",4,
"Vitamin D deficiency: 25-OHD thresholds, supplementation doses, osteomalacia","Endocrinology & Diabetes","NICE [5]; NICE [3], [6]; NICE [4]",4,
"Inflammatory myopathies: dermatomyositis, polymyositis, IBM, anti-synthetase syndrome","Rheumatology","ACR/CHEST [3], ERS/EULAR [1], Expert Consensus [2]; EULAR/ACR [4]; ERS/EULAR [1], Expert Consensus [2]",4,
"Sjogren syndrome: sicca symptoms, anti-Ro, anti-La, MALT lymphoma risk, systemic features","Rheumatology","General knowledge on Sjögren's syndrome complications (often",4,
"Mixed connective tissue disease: anti-U1-RNP, overlap features, pulmonary hypertension","Rheumatology","ERS/EULAR [1], Portuguese Societies [2]; ACR/CHEST [3], ERS/EULAR [1]",4,
"Thyroiditis: Hashimotos, de Quervains, postpartum - phases, TSH trajectory, management","Endocrinology & Diabetes","",4,
"ANCA-associated vasculitis: GPA, MPA, EGPA: classification, renal involvement, ANCA serology","Rheumatology","",4,
"Polycystic ovary syndrome PCOS: Rotterdam criteria, insulin resistance, androgen excess","Endocrinology & Diabetes","NICE",4,
"Metabolic syndrome: diagnostic criteria, cardiovascular risk, lifestyle and pharmacological management","Endocrinology & Diabetes","",4,
"Glucocorticoid tapering: adrenal suppression, disease flare prevention, steroid-sparing agents","Rheumatology","EULAR 2025",4,
"Neuropsychiatric SLE: NPSLE syndromes, attribution, immunosuppression vs anticoagulation","Rheumatology","EULAR 2008",4,
"Axial spondyloarthritis: ASAS criteria, nr-axSpA vs AS, MRI sacroiliitis","Rheumatology","ACR/SAA/SPARTAN [3], ASAS-EULAR [5]",4,
"Psoriatic arthritis: CASPAR criteria, peripheral and axial patterns, enthesitis, dactylitis","Rheumatology","",1,
"Reactive arthritis: Reiter syndrome, triggers, HLA-B27, management","Rheumatology","",4,
"Gout: hyperuricaemia pathophysiology, acute attack management, colchicine dosing","Rheumatology","EULAR 2016",4,
"Basic calcium phosphate deposition: hydroxyapatite, Milwaukee shoulder, calcific tendinitis","Rheumatology","EULAR guideline [1]; EULAR guideline [2]; EULAR guideline [3]",4,
"Systemic sclerosis: limited vs diffuse, antitopoisomerase vs anticentromere antibodies","Rheumatology","ACR/CHEST 2021; EULAR 2017",4,
"Scleroderma renal crisis: ACE inhibitors, hypertensive emergency, captopril","Rheumatology","",4,
"Familial hypercholesterolaemia: LDL-C targets, statins, PCSK9 inhibitors, cascade testing","Endocrinology & Diabetes","",4,
"Giant cell arteritis: jaw claudication, vision loss, ESR, CRP, temporal artery biopsy","Rheumatology","EULAR; EULAR, ACR",4,
"Polymyalgia rheumatica: diagnostic criteria, low-dose prednisolone, relapse, GCA overlap","Rheumatology","EULAR/ACR [3]",4,
"IgA vasculitis Henoch-Schonlein: skin, joints, renal, GI involvement in adults","Rheumatology","",4,
"Takayasu arteritis: large vessel vasculitis, imaging, management, biologics","Rheumatology","EULAR 2024",4,
"Osteoarthritis: pathophysiology, risk factors, radiographic grading, pharmacological management","Rheumatology","EULAR, KNGF; EULAR, ACR/Arthritis Foundation",4,
"Intra-articular injections in OA: corticosteroids, hyaluronic acid, PRP: evidence review","Rheumatology","",4,
"Total joint replacement in OA: indications, outcomes, complications, revision rates","Rheumatology","AAOS 2017; IDSA/FDA 2013",4,
"Osteoporosis: DEXA, FRAX, T-score thresholds, fracture risk assessment","Rheumatology","",4,
"Glucocorticoid-induced osteoporosis: ACR guidelines, fracture risk, prophylaxis timing","Rheumatology","",4,
"Treatment of psoriatic arthritis: NSAIDs, csDMARDs, IL-17, IL-23, TNF inhibitors","Rheumatology","",4,2017
"Familial Mediterranean fever: MEFV mutations, colchicine, amyloidosis prevention","Rheumatology","",4,
"Haemophagocytic lymphohistiocytosis HLH: HScore, ferritin, triggers, treatment","Rheumatology","EULAR/ACR Points to Consider",0,
"Fibromyalgia: 2016 ACR diagnostic criteria, central sensitisation, non-pharmacological management","Rheumatology","",4,
"Hydroxychloroquine retinopathy: Marmor guidelines, OCT screening, dose limits","Rheumatology","",4,
"Diabetic retinopathy: screening intervals, laser photocoagulation, anti-VEGF therapy","Endocrinology & Diabetes","NICE [3]; NICE [1]; NICE [1], [2]",4,
"Late-onset hypogonadism: diagnostic thresholds, testosterone replacement risks, monitoring","Endocrinology & Diabetes","",4,
"Type 2 diabetes cardiovascular outcomes","Endocrinology & Diabetes","NICE 2024; NICE 2015",4,
"Diabetic foot: Wagner classification, multidisciplinary care, offloading, osteomyelitis","Endocrinology & Diabetes","NICE 2015 [1]; SPILF [2]; NICE 2015 [4]",4,
"Diabetic peripheral neuropathy: screening, painful neuropathy pharmacotherapy","Endocrinology & Diabetes","NICE 2019",4,
"SGLT2 inhibitors: mechanism, heart failure and renal benefits, euglycaemic DKA risk","Endocrinology & Diabetes","",4,
"Cardiovascular outcomes in diabetes: SGLT2i and GLP-1 agonist trial evidence","Endocrinology & Diabetes","NICE 2024",4,
"Metformin: mechanism, renal dose adjustment, lactic acidosis, PCOS use","Endocrinology & Diabetes","",4,
"GLP-1 receptor agonists: weight loss, cardiovascular outcomes, GI tolerability","Endocrinology & Diabetes","",4,
"Septic arthritis: diagnosis, Gram stain, joint aspiration, empirical antibiotics, surgical drainage","Rheumatology","",4,
"Sulfonylureas and meglitinides: hypoglycaemia risk, renal failure considerations","Endocrinology & Diabetes","",4,
"Insulin pharmacokinetics: basal, prandial, premixed types - dosing and switching","Endocrinology & Diabetes","NICE 2008, amended 2020",4,
"Hypothyroidism: TSH targets, levothyroxine dosing, subclinical hypothyroidism management","Endocrinology & Diabetes","NICE",4,
"Carpal tunnel syndrome: median nerve compression, Phalen, EMG, conservative vs surgical","Rheumatology","AAOS/ASSH 2016",4,
"Shoulder pain: rotator cuff disease, frozen shoulder, acromioclavicular OA, referred pain","Rheumatology","",4,
"Juvenile idiopathic arthritis JIA: ILAR categories, oligoarticular, polyarticular, systemic","Rheumatology","",4,
"Kawasaki disease: diagnostic criteria, IVIG, aspirin, coronary artery aneurysm","Rheumatology","",4,
"Synovial fluid analysis: WBC thresholds, crystals, viscosity, culture interpretation","Rheumatology","",4,
"Thyroid storm: Burch-Wartofsky score, propylthiouracil, beta-blockade, supportive care","Endocrinology & Diabetes","",4,
"Graves disease: antithyroid drugs, radioiodine, thyroidectomy - comparative outcomes","Endocrinology & Diabetes","NICE [4]; NICE [1]; NICE [5]",4,
"Thyroid nodules: ATA risk stratification, ultrasound features, FNA indications","Endocrinology & Diabetes","NICE",4,
"Medullary thyroid cancer: RET proto-oncogene, MEN2, calcitonin monitoring","Endocrinology & Diabetes","NICE [1]; NICE [6]",4,
"Differentiated thyroid cancer: papillary vs follicular, TNM staging, RAI ablation","Endocrinology & Diabetes","NICE",4,
"Thyroid function in pregnancy: trimester-specific TSH ranges, foetal development","Endocrinology & Diabetes","NICE [5]; NICE [6]; NICE [1]",4,
"Primary hyperparathyroidism: asymptomatic management criteria, parathyroidectomy indications","Endocrinology & Diabetes","[4], [5], [6] NICE",4,
"Anaplastic thyroid cancer: rapid progression, multimodal treatment, dabrafenib","Endocrinology & Diabetes","",4,
"Secondary adrenal insufficiency: HPA axis testing, glucocorticoid replacement, sick day rules","Endocrinology & Diabetes","NICE [1]; NICE [2]; NICE [6]",4,
"Primary adrenal insufficiency Addisons disease: autoimmune causes, crisis prevention","Endocrinology & Diabetes","NICE",4,
"Cushings syndrome: ACTH-dependent vs independent, screening, dexamethasone suppression","Endocrinology & Diabetes","",4,
"Primary hyperaldosteronism Conns: aldosterone-renin ratio, adrenal vein sampling","Endocrinology & Diabetes","",4,
"Phaeochromocytoma: catecholamine excess, alpha-blockade before surgery, genetic testing","Endocrinology & Diabetes","NICE 2019",4,
"Paraganglioma: extra-adrenal location, SDHB mutation, malignant potential, surveillance","Endocrinology & Diabetes","",4,
"Congenital adrenal hyperplasia: 21-hydroxylase deficiency, glucocorticoid replacement","Endocrinology & Diabetes","",4,
"Acromegaly: IGF-1 elevation, GH suppression test, somatostatin analogues, pegvisomant","Endocrinology & Diabetes","",4,
"Hypopituitarism: causes, axis-by-axis replacement, insulin tolerance test","Endocrinology & Diabetes","",4,
"Craniopharyngioma: suprasellar location, hypothalamic obesity, visual field defects","Endocrinology & Diabetes","",4,
"SIADH: euvolaemic hyponatraemia, diagnostic criteria, fluid restriction, vaptans","Endocrinology & Diabetes","ESICM/ESE/ERA-EDTA 2023",4,
"Diabetes insipidus: central vs nephrogenic, water deprivation test, desmopressin","Endocrinology & Diabetes","NICE 2010",4,
"Pituitary apoplexy: sudden onset headache, visual loss, emergency hydrocortisone, surgery","Endocrinology & Diabetes","",4,
"Non-functioning pituitary adenoma: chiasmal compression, surveillance vs surgery","Endocrinology & Diabetes","",4,
"Hypoparathyroidism: post-surgical causes, calcium replacement, PTH replacement therapy","Endocrinology & Diabetes","",4,
"Hypertriglyceridaemia: pancreatitis risk threshold, fibrates, omega-3, dietary management","Endocrinology & Diabetes","",4,
"EULAR recommendations 2022 for RA management: updated treat-to-target algorithm","Rheumatology","EULAR 2022",0,
"Lactose Intolerance","Gastroenterology","",4,
"Osteoporosis: FRAX score, DXA interpretation, bisphosphonate drug holiday, fracture prevention","Endocrinology & Diabetes","NICE 2017, amended 2023; NICE; NICE 2013, amended 2017",4,
"Neuroendocrine tumours: WHO grading G1/G2/G3, Ki-67, somatostatin receptor imaging","Endocrinology & Diabetes","",4,
"Secondary hyperparathyroidism in CKD: CKD-MBD, phosphate binders, cinacalcet","Endocrinology & Diabetes","",2,
"Familial hypocalciuric hypercalcaemia: CaSR mutation, benign course, avoid parathyroidectomy","Endocrinology & Diabetes","",4,
"Premature ovarian insufficiency: FSH levels, HRT indications, fertility counselling","Endocrinology & Diabetes","",4,
"Endocrine hypertension: systematic approach to Conns, phaeochromocytoma, Cushings","Endocrinology & Diabetes","",4,
"Male hypogonadism: primary vs secondary, testosterone replacement, monitoring","Endocrinology & Diabetes","",4,
"Delayed puberty: constitutional delay vs hypogonadotrophic vs hypergonadotrophic causes","Endocrinology & Diabetes","",4,
"Precocious puberty: central vs peripheral causes, GnRH agonist treatment","Endocrinology & Diabetes","",4,
"Bariatric surgery: sleeve gastrectomy vs RYGB, nutritional deficiencies, dumping syndrome","Endocrinology & Diabetes","",4,
"G6PD Deficiency","Haematology","",4,
"Insulin pump therapy CSII: closed-loop systems, patient selection, sick day rules","Endocrinology & Diabetes","NICE [1]",4,
"Hyperthyroidism: Graves disease vs toxic nodular goitre, TSH receptor antibodies","Endocrinology & Diabetes","",4,
"Hypercalcaemia of malignancy: PTHrP, bisphosphonate, denosumab, hydration","Endocrinology & Diabetes","NICE [4]",4,
"Hypophosphataemia: FGF-23 excess, X-linked hypophosphataemia, burosumab treatment","Endocrinology & Diabetes","",4,
"Non-alcoholic fatty liver disease NAFLD: insulin resistance link, FIB-4 score, management","Endocrinology & Diabetes","EASL-EASD-EASO",4,
"Gender-affirming hormone therapy: feminising and masculinising protocols, safety monitoring","Endocrinology & Diabetes","",4,
"Glucocorticoid-induced osteoporosis: prevention, bisphosphonate indications, fracture risk","Endocrinology & Diabetes","",4,
"Mycophenolate mofetil in rheumatic disease: lupus nephritis, ILD, dosing, teratogenicity","Rheumatology","Multiple guidelines on lupus nephritis management and pregna",0,
"Thyroid cancer surveillance: recurrence monitoring, thyroglobulin, neck ultrasound protocols","Endocrinology & Diabetes","",4,
"Adrenocortical carcinoma: staging, mitotane therapy, surgical resection, prognosis","Endocrinology & Diabetes","",4,
"Leflunomide in RA: mechanism, dosing, washout procedure, hepatotoxicity monitoring","Rheumatology","EULAR guideline [1]; EULAR guideline [2]; EULAR guideline [3]",4,
"Diabetic autonomic neuropathy: gastroparesis, orthostatic hypotension, cardiac autonomic neuropathy","Endocrinology & Diabetes","",4,
"Prediabetes: impaired fasting glucose, impaired glucose tolerance, prevention interventions","Endocrinology & Diabetes","",4,
"Autoinflammatory syndromes: TRAPS, CAPS, HIDS, IL-1 pathway, canakinumab","Rheumatology","",4,
"RA treat-to-target strategy: DAS28, SDAI, CDAI remission thresholds","Rheumatology","",4,
"TNF inhibitors in RA: adalimumab, etanercept, infliximab: efficacy, TB screening, contraindications","Rheumatology","",4,
"Vaccinations in immunosuppressed rheumatology patients: timing, live vs killed, pneumococcal, shingles","Rheumatology","EULAR/PRES 2021; EULAR/PRES 2021, European Journal of Pediatrics 2011",0,
"Urate-lowering therapy: allopurinol, febuxostat, target serum urate, titration","Rheumatology","EULAR 2017",4,
"MRI in inflammatory arthritis: bone marrow oedema, erosions, tenosynovitis scoring","Rheumatology","EULAR recommendations (implied by the need for strong pharma; EULAR recommendations (implied by the focus on assessing dis",0,
"Abatacept in RA: T-cell co-stimulation blockade, seropositive advantage, safety profile","Rheumatology","EULAR 2022",4,
"Superior Vena Cava Syndrome","Oncology","",4,
"Early Breast Cancer","Oncology","NCCN Guidelines; ASCO",4,
"Short Bowel Syndrome","Gastroenterology","ESPEN 2006; ESPEN 2023",4,
"Small Bowel Bacterial Overgrowth","Gastroenterology","",4,
"Coeliac Disease","Gastroenterology","",4,
"Microscopic Colitis","Gastroenterology","",4,
"Oesophageal Motility Disorders","Gastroenterology","",4,
"Oesophageal Strictures","Gastroenterology","",4,
"Oesophageal Varices","Gastroenterology","",4,
"Mallory-Weiss Syndrome","Gastroenterology","",4,
"Hiatal Hernia","Gastroenterology","",4,
"Helicobacter pylori infection","Gastroenterology","",4,
"Peptic Ulcer Disease","Gastroenterology","NICE 2026 — Guidelines for the prevention and treatment of s",0,
"Gastric Cancer","Gastroenterology","NCCN Guideline [1]; NCCN Guideline [2]",4,
"Gastroparesis","Gastroenterology","",4,
"Gastric Polyps","Gastroenterology","",4,
"Functional Dyspepsia","Gastroenterology","",4,
"Zollinger-Ellison Syndrome","Gastroenterology","",4,
"Mesenteric Ischaemia","Gastroenterology","",4,
"Intestinal Lymphoma","Gastroenterology","",4,
"Pouchitis","Gastroenterology","",4,
"Diverticular Disease","Gastroenterology","",4,
"Chronic Pancreatitis","Gastroenterology","ESPEN, AGA",4,
"Pancreatic Ductal Adenocarcinoma","Gastroenterology","",4,
"Autoimmune Pancreatitis","Gastroenterology","",4,
"Pancreatic Neuroendocrine Tumours","Gastroenterology","",4,
"Pancreatic Cystic Lesions","Gastroenterology","",4,
"Walled-Off Pancreatic Necrosis","Gastroenterology","",4,
"Parenteral Nutrition","Gastroenterology","ESPEN 2017",4,
"Refeeding Syndrome","Gastroenterology","",4,
"Endoscopic Ultrasound","Gastroenterology","",4,
"Capsule Endoscopy","Gastroenterology","",4,
"Faecal Microbiota Transplant","Gastroenterology","",4,
"Lower GI Bleeding","Gastroenterology","NICE 2026 [G1] — Apixaban and rivaroxaban associated with RR; NICE 2026 [G2] — BUN/Cr ratio cut-off 22 provides 66.2% sens; NICE 2026 [G3] — VCE is safe in CIED patients with 0.9% devi",0,
"Primary Sclerosing Cholangitis","Gastroenterology","",4,
"Acute Cholangitis","Gastroenterology","",4,
"Gallbladder Carcinoma","Gastroenterology","",4,
"Biliary Strictures","Gastroenterology","",4,
"Anorectal Disorders","Gastroenterology","",4,
"Acalculous Cholecystitis","Gastroenterology","",4,
"Faecal Incontinence","Gastroenterology","",4,
"Rectal Prolapse","Gastroenterology","",4,
"Clostridioides difficile Infection","Gastroenterology","",4,
"Anal Cancer","Gastroenterology","ESMO-ESSO-ESTRO clinical practice guidelines",4,
"GI Manifestations of Systemic Disease","Gastroenterology","ERS/EULAR [1, 2]; EULAR/PReS [4]",0,
"GI Stromal Tumours","Gastroenterology","",4,
"Malnutrition Assessment in GI Disease","Gastroenterology","EASL 2019; AGA 2023, EASL 2019",0,
"GI Bleeding in Anticoagulated Patients","Gastroenterology","Gastroenterology / AGA, Journal of hepatology / EASL; Journal of clinical oncology / ASCO; Journal of hepatology / EASL",0,
"Intestinal Tuberculosis","Gastroenterology","",4,
"Colonic Volvulus","Gastroenterology","",4,
"GI Endoscopy Quality Indicators","Gastroenterology","",4,
"Gastroesophageal Reflux Disease","Gastroenterology","",4,
"Eosinophilic Oesophagitis","Gastroenterology","",4,
"Diagnostic Colonoscopy","Gastroenterology","",4,
"Choledocholithiasis","Gastroenterology","",4,
"Cholangiocarcinoma","Gastroenterology","EASL 2023, ESMO 2020, EASL-ILCA 2020; NCCN 2023, ESMO 2020, EASL-ILCA 2020; ESMO 2020, EASL-ILCA 2020",4,
"GI Adverse Effects of Immunotherapy","Gastroenterology","NCCN 2023, SITC 2022",0,
"Intestinal Pseudo-obstruction","Gastroenterology","",4,
"Intestinal Failure and Home Parenteral Nutrition","Gastroenterology","Clinical nutrition ESPEN 2019",0,
"Systemic Lupus Erythematosus","Rheumatology","EULAR/ACR 2019; EULAR 2019",4,
"Neuropsychiatric SLE","Rheumatology","EULAR 2008",4,
"Antiphospholipid Syndrome","Rheumatology","",4,
"Systemic Sclerosis","Rheumatology","",4,
"Scleroderma Renal Crisis","Rheumatology","",4,
"Mixed Connective Tissue Disease","Rheumatology","ERS/EULAR, Portuguese Pulmonology Society, Portuguese Rheuma; ERS/EULAR",4,
"Haematuria: Evaluation and Causes","Nephrology","",4,
"Chronic Tophaceous Gout","Rheumatology","",4,
"Calcium Pyrophosphate Deposition Disease","Rheumatology","EULAR 2023 [3]; EULAR 2023 [2]; EULAR 2023 [1]",4,
"Renal Osteodystrophy","Rheumatology","",4,
"Osteoporosis fracture prevention pharmacotherapy","Rheumatology","NICE 2026 — Metformin reduces bone resorption and bone forma; NICE 2026 — Creatine monohydrate supplementation may increas; NICE 2026 — Low-dose GC (≤7.5 mg prednisone/day) associated",0,
"Avascular Necrosis of Bone","Rheumatology","",4,
"Osteopetrosis","Rheumatology","",4,
"Familial Mediterranean Fever","Rheumatology","EULAR/PReS 2024; EULAR 2024",4,
"TNF Receptor-Associated Periodic Syndrome","Rheumatology","EULAR/ACR Points to Consider 2023",0,
"Hyper-IgD Syndrome","Rheumatology","",4,
"Cryopyrin-Associated Periodic Syndromes","Rheumatology","EULAR/ACR [1]; EULAR/ACR [2]",4,
"Septic Arthritis","Rheumatology","",4,
"Prosthetic Joint Infections","Rheumatology","",4,
"Lyme Arthritis","Rheumatology","",4,
"Kawasaki Disease","Rheumatology","",4,
"Microscopic Polyangiitis","Rheumatology","",4,
"Chronic Myeloid Leukaemia","Haematology","",4,
"Complex Regional Pain Syndrome","Rheumatology","",4,
"Osteoarthritis","Rheumatology","EULAR 2018, KNGF 2018; ACR/Arthritis Foundation 2019, EULAR 2018, KNGF 2018",4,
"Rheumatoid Lung Disease","Rheumatology","ERS/EULAR [1]; ERS/EULAR [2]",0,
"IgG4-Related Disease","Rheumatology","",4,
"Pyoderma Gangrenosum","Rheumatology","",4,
"Macrophage Activation Syndrome","Rheumatology","EULAR/PReS",4,
"Anti-TNF Alpha Therapies","Rheumatology","",4,
"Rheumatoid Arthritis","Rheumatology","EULAR 2026 (G5) — Consider genetic testing for MTHFR 677T al; EULAR 2026 (G3) — Tocilizumab biosimilars demonstrate equiva; EULAR 2026 (G2) — Low-dose glucocorticoid treatment (≤7.5 mg",0,
"Fibromyalgia Syndrome","Rheumatology","",4,
"Primary Myelofibrosis","Haematology","",4,
"Septic shock: vasopressor selection and targets","ICU / Critical Care","",4,
"Reactive Arthritis","Rheumatology","BASHH 2019",4,
"Polyarteritis Nodosa","Rheumatology","",4,
"IgA Vasculitis","Rheumatology","KDIGO 2025 IgAN guideline [1]; KDIGO 2025 IgAN guideline [2]",4,
"Sickle Cell Disease","Haematology","",4,
"Microangiopathic Haemolytic Anaemia","Haematology","",4,
"Haemophilia A and B","Haematology","",4,
"Disseminated Intravascular Coagulation","Haematology","",3,
"Immune Thrombocytopenia","Haematology","",4,
"Haemolytic Uraemic Syndrome","Haematology","",4,
"Prothrombin G20210A Mutation","Haematology","",4,
"Heparin-Induced Thrombocytopenia","Haematology","",4,
"Myelodysplastic Syndromes","Haematology","NCCN [3]",4,
"Aplastic Anaemia","Haematology","",4,
"Pure Red Cell Aplasia","Haematology","",4,
"Acute Myeloid Leukaemia","Haematology","",4,
"Acute Lymphoblastic Leukaemia","Haematology","",4,
"Hodgkin Lymphoma","Haematology","",4,
"Diffuse Large B-Cell Lymphoma","Haematology","",4,
"Follicular Lymphoma","Haematology","NCCN [1]; NCCN [5]; NCCN [4]",4,
"Mantle Cell Lymphoma","Haematology","NCCN [1]; NCCN [3]; NCCN [4]",4,
"Multiple Myeloma","Haematology","NCCN 2023",4,
"Smouldering Multiple Myeloma","Haematology","ASCO-Ontario Health (Cancer Care Ontario) Living Guideline [",0,
"Lumbar Spinal Stenosis","Rheumatology","",4,
"Burkitt Lymphoma","Haematology","",4,
"Transfusion-Associated Circulatory Overload","Haematology","",4,
"Massive Transfusion Protocols","Haematology","",4,
"Platelet Refractoriness","Haematology","",4,
"Iron Deficiency Anaemia","Haematology","NICE 2026 (G1) — Iron supplementation confers small but mean",0,
"Autoimmune Haemolytic Anaemia","Haematology","",4,
"Immune-Related Adverse Events","Oncology","NCCN Guidelines: Management of Immunotherapy-Related Toxicit; EULAR points to consider for the diagnosis and management of",4,
"Immune Checkpoint Inhibitors","Oncology","NCCN Guidelines® Insights [1], AGA Clinical Practice Update; NCCN Guidelines® Insights [1]",4,
"Small Cell Lung Cancer","Oncology","ASCO-SNO-ASTRO 2022; NCCN 2023",4,
"Gastric and Gastroesophageal Junction Cancer","Oncology","ASCO Guideline [4]",0,
"Pancreatic Cancer","Oncology","",4,
"Hepatocellular Carcinoma","Oncology","EASL 2017 (HBV Guidelines); EASL 2022 (Haemochromatosis Guidelines); EASL 2018 (HCC Guidelines)",4,
"Biliary Tract Cancer","Oncology","ASCO; ESMO",4,
"Anal Canal Cancer","Oncology","Brazilian Society of Surgical Oncology, NCCN; NCCN",4,
"Gastroenteropancreatic Neuroendocrine Tumours","Oncology","",4,
"Antibody-Drug Conjugates","Oncology","ASCO-College of American Pathologists",4,
"Gastrointestinal Stromal Tumour","Oncology","",4,
"Renal Cell Carcinoma","Oncology","ASCO 2020",4,
"Testicular Germ Cell Tumours","Oncology","",4,
"Castration-Resistant Prostate Cancer","Oncology","NCCN; EAU-EANM-ESTRO-ESUR-ISUP-SIOG; ASCO; NCCN; ASCO",4,
"Ovarian Cancer","Oncology","NCCN; ESMO Precision Medicine Working Group",4,
"Malignant Pleural Mesothelioma","Oncology","SEOM 2020, NCCN 2016; NCCN 2016",4,
"Cervical Cancer","Oncology","",4,
"Gestational Trophoblastic Neoplasia","Oncology","",4,
"Endometrial Cancer","Oncology","NCCN Guidelines for Uterine Neoplasms",4,
"Nasopharyngeal Carcinoma","Oncology","",4,
"Cutaneous Squamous Cell Carcinoma","Oncology","",4,
"Basal Cell Carcinoma","Oncology","ESMO 2026 [G7] — PDT (ALA/MAL) pooled CR rate 0.88 (95% CI:; ESMO 2026 [G4, G5] — BF-200 ALA-PDT CR 0.90; no significant; NICE 2026 [G2] — DERM sensitivity 96.1% for malignant lesion",0,
"Merkel Cell Carcinoma","Oncology","NCCN; ESMO-EURACAN",4,
"Cutaneous T-Cell Lymphoma","Oncology","",4,
"Glioblastoma Multiforme","Oncology","",4,
"Primary CNS Lymphoma","Oncology","",4,
"Brain Metastases","Oncology","ASCO-SNO-ASTRO Guideline",4,
"Soft Tissue Sarcomas","Oncology","British Journal of Cancer [1], NCCN [2], SEOM [5]",4,
"Ewing Sarcoma","Oncology","",4,
"Metastatic Spinal Cord Compression","Oncology","",4,
"Chemotherapy Extravasation","Oncology","",4,
"Chemotherapy-Induced Nausea and Vomiting","Oncology","",4,
"Cancer Cachexia","Oncology","",4,
"Malignant Bowel Obstruction","Oncology","",4,
"Transfusion-Related Acute Lung Injury","Haematology","",4,
"Bladder Cancer","Oncology","NCCN Guidelines [4]; AUA/SUO Guideline [3], EAU Guidelines [2], NCCN Guidelines [",4,
"Neutropenic Sepsis","Haematology","IDSA 2021 — Administer antimicrobials within one hour for su",0,
"Fertility Preservation in Cancer","Oncology","ASCO Clinical Practice Guideline Update",0,
"Chronic Lymphocytic Leukaemia","Oncology","",4,
"Allogeneic Stem Cell Transplantation","Oncology","",4,
"Graft-Versus-Host Disease","Oncology","NCCN 2023",4,
"Sinusoidal Obstruction Syndrome","Oncology","",4,
"Relapsed and Refractory DLBCL","Oncology","NCCN",4,
"Primary Mediastinal B-Cell Lymphoma","Oncology","",4,
"T-Cell Lymphomas in Oncology","Oncology","NCCN [2]; NCCN [1]",0,
"Paroxysmal Nocturnal Haemoglobinuria","Haematology","",4,
"Thrombotic Thrombocytopenic Purpura","Haematology","",4,
"Minimal Change Disease","Nephrology","",4,
"Focal Segmental Glomerulosclerosis","Nephrology","KDIGO 2021",4,
"Membranous Nephropathy","Nephrology","KDIGO 2021 Guideline for the Management of Glomerular Diseas",4,
"Diabetic Nephropathy","Nephrology","",4,
"IgA Nephropathy","Nephrology","KDIGO 2025",4,
"Rapidly Progressive Glomerulonephritis","Nephrology","KDIGO 2025 IgAN guideline",4,
"Lupus Nephritis","Nephrology","EULAR 2019",4,
"Renal Hypertension: Secondary Causes","Nephrology","",4,
"Polycystic Kidney Disease: ADPKD","Nephrology","KDIGO 2025, BMC Nephrology 2019; KDIGO 2025",4,
"Polycystic Kidney Disease: ARPKD","Nephrology","BMC Nephrology, 2022; KDIGO 2025 [2]; KDIGO 2025 [3]; BMC Nephrology, 2022 [4]; KDIGO 2025 [1]",4,
"Alport Syndrome","Nephrology","",4,
"Fabry Disease","Nephrology","",4,
"Hypokalaemia","Nephrology","",4,
"Hyponatraemia","Nephrology","NICE/WHO 2026 [G2] — Hyponatremia prevalence in AECOPD is 19; NICE/WHO 2026 [G3] — Hyponatremia is the most prevalent elec; NICE/WHO 2026 [G1] — Hyponatremia is a potential contributin",0,
"Hypernatraemia","Nephrology","NICE 2026 — Hypertonic saline associated with 37% severe hyp; NICE 2026 — RCA in pediatric CRRT associated with hypernatre; NICE 2026 — Continuous hydrocortisone infusion not significa",0,
"Metabolic Alkalosis","Nephrology","",4,
"Metabolic Acidosis","Nephrology","",4,
"Renal Tubular Acidosis","Nephrology","",4,
"Hypomagnesaemia","Nephrology","",4,
"Peritoneal Dialysis: Principles and Adequacy","Nephrology","",4,
"Peritoneal Dialysis Peritonitis","Nephrology","",4,
"Continuous Renal Replacement Therapy","Nephrology","",4,
"Renal Transplantation: Workup and Donor Selection","Nephrology","",4,
"Chronic Allograft Dysfunction","Nephrology","",4,
"Post-Transplant Complications","Nephrology","",4,
"Renal Manifestations of Systemic Disease","Nephrology","KDIGO 2017; EULAR-SS Task Force Group 2017",0,
"Onco-Nephrology: Cancer Treatment and the Kidney","Nephrology","KDIGO Controversies Conference",4,
"Renal Manifestations of Vasculitis","Nephrology","EULAR 2022",0,
"Pregnancy and the Kidney","Nephrology","",4,
"Renal Biopsy: Indications and Interpretation","Nephrology","",4,
"Proteinuria: Assessment and Clinical Significance","Nephrology","",4,
"eGFR: Estimation and Limitations","Nephrology","",4,
"Interstitial Nephritis: Acute and Chronic","Nephrology","",4,
"Haemodynamic monitoring: arterial lines, CVP, PAC, PiCCO, FloTrac","ICU / Critical Care","",4,
"CKD-MBD: Mineral and Bone Disorder","Nephrology","KDIGO 2017, KDIGO 2009; KDIGO 2009, KDIGO 2017; KDIGO 2009, SLANH, Saudi journal of kidney diseases and tran",4,
"AKI: Diagnosis and Staging","Nephrology","KDIGO 2012",4,
"Cardiorenal Syndrome","Nephrology","",4,
"Hepatorenal Syndrome","Nephrology","",4,
"Nephrolithiasis: Uric Acid and Struvite Stones","Nephrology","",4,
"Nephrolithiasis: Calcium Stones","Nephrology","",4,
"Continuous renal replacement therapy: CVVH, CVVHD, CVVHDF modes and prescription","ICU / Critical Care","",4,
"Post-intensive care syndrome (PICS): cognitive, physical, and psychological sequelae","ICU / Critical Care","",4,
"Stress ulcer prophylaxis: indications and risk-benefit in critical illness","ICU / Critical Care","",4,
"Ventilator-associated pneumonia: bundle prevention, diagnosis, empiric treatment","ICU / Critical Care","",4,
"Central line-associated bloodstream infection (CLABSI): prevention and management","ICU / Critical Care","",4,
"Severe traumatic brain injury: ICP monitoring, cerebral perfusion pressure targets","ICU / Critical Care","",4,
"Neurocritical care: management of aneurysmal subarachnoid haemorrhage","ICU / Critical Care","",4,
"Brain death determination: clinical criteria and ancillary testing","ICU / Critical Care","",4,
"Abdominal compartment syndrome: diagnosis, decompressive laparotomy","ICU / Critical Care","ESICM 2018",4,
"Massive transfusion protocol: damage control resuscitation, ratio-driven blood products","ICU / Critical Care","",4,
"Environmental emergencies: heat stroke, severe hypothermia, drowning","ICU / Critical Care","",4,
"Refeeding syndrome: pathophysiology, prevention, phosphate management","ICU / Critical Care","Australasian Society of Parenteral and Enteral Nutrition (AS",4,
"Extubation failure: predictors, post-extubation stridor, NIV rescue","ICU / Critical Care","",4,
"Hypercapnic respiratory failure: COPD exacerbation, NIV criteria","ICU / Critical Care","",4,
"Tracheostomy: indications, timing, percutaneous vs surgical technique","ICU / Critical Care","",4,
"Cardiogenic shock: aetiology, diagnosis, and mechanical circulatory support","ICU / Critical Care","",4,
"Distributive shock: vasoplegic and anaphylactic shock","ICU / Critical Care","",4,
"Obstructive shock: tension pneumothorax, massive PE, tamponade","ICU / Critical Care","",4,
"Veno-arterial ECMO: indications, circuit management, weaning","ICU / Critical Care","",4,
"Adrenal insufficiency in critical illness: relative adrenal insufficiency, hydrocortisone","ICU / Critical Care","2017 SCCM/ESICM guidelines",0,
"Symptomatic bradycardia: atropine, temporary pacing, transcutaneous pacing","Cardiology","",4,