"object_key","question_index"
"guideline-mcq:aa-amyloidosis-secondary-to-chronic-arthritis","2"
"paper-mcq:aa-amyloidosis-secondary-to-chronic-arthritis","1"
"paper-mcq:abatacept-in-ra-t-cell-co-stimulation-blockade-seropositive-advantage-safety-profile","0"
"paper-mcq:abatacept-in-ra-t-cell-co-stimulation-blockade-seropositive-advantage-safety-profile","1"
"paper-mcq:abatacept-in-ra-t-cell-co-stimulation-blockade-seropositive-advantage-safety-profile","2"
"paper-mcq:abatacept-in-ra-t-cell-co-stimulation-blockade-seropositive-advantage-safety-profile","4"
"guideline-mcq:abdominal-aortic-aneurysm-surveillance-thresholds-evar-vs-open-repair","0"
"guideline-mcq:abdominal-aortic-aneurysm-surveillance-thresholds-evar-vs-open-repair","3"
"paper-mcq:cirt-and-cantos-trials-methotrexate-and-canakinumab-for-cardiovascular-inflammation","3"
"cold-start-mcq:dyslipidaemia","3"
"paper-mcq:accelerated-atherosclerosis-in-chronic-inflammation","2"
"paper-mcq:accelerated-atherosclerosis-in-chronic-inflammation","3"
"paper-mcq:ace-inhibitors-and-arbs-in-cardiovascular-disease-renal-monitoring-hyperkalaemia","0"
"paper-mcq:ace-inhibitors-and-arbs-in-cardiovascular-disease-renal-monitoring-hyperkalaemia","1"
"paper-mcq:ace-inhibitors-and-arbs-in-cardiovascular-disease-renal-monitoring-hyperkalaemia","2"
"paper-mcq:acromegaly-igf-1-elevation-gh-suppression-test-somatostatin-analogues-pegvisomant","1"
"paper-mcq:acromegaly-igf-1-elevation-gh-suppression-test-somatostatin-analogues-pegvisomant","2"
"paper-mcq:acromegaly-igf-1-elevation-gh-suppression-test-somatostatin-analogues-pegvisomant","4"
"guideline-mcq:acute-aortic-dissection-stanford-classification-imaging-surgical-vs-medical-management","3"
"paper-mcq:acute-aortic-dissection-stanford-classification-imaging-surgical-vs-medical-management","0"
"paper-mcq:acute-aortic-dissection-stanford-classification-imaging-surgical-vs-medical-management","1"
"guideline-mcq:coronary-angiography-timing-after-cardiac-arrest","2"
"guideline-mcq:Acute-aortic-dissection-diagnosis-and-management","1"
"cold-start-mcq:acute-bacterial-meningitis-adjunctive-dexamethasone","1"
"guideline-mcq:acute-cholangitis","1"
"paper-mcq:acute-cholangitis","0"
"paper-mcq:acute-cholangitis","2"
"paper-mcq:acute-cholecystitis","1"
"paper-mcq:acute-cholecystitis","2"
"paper-mcq:acute-cholecystitis","3"
"guideline-mcq:acute-disseminated-encephalomyelitis-adem-paediatric-predominance-mri-characteristics","0"
"guideline-mcq:acute-disseminated-encephalomyelitis-adem-paediatric-predominance-mri-characteristics","1"
"guideline-mcq:acute-disseminated-encephalomyelitis-adem-paediatric-predominance-mri-characteristics","2"
"guideline-mcq:Acute-exacerbation-of-idiopathic-pulmonary-fibrosis","1"
"cold-start-mcq:prognosis-of-idiopathic-pulmonary-fibrosis","0"
"paper-mcq:acute-gout-attack-in-hospital-colchicine-contraindications-iv-corticosteroids-il-1-inhibition","0"
"paper-mcq:acute-gout-attack-in-hospital-colchicine-contraindications-iv-corticosteroids-il-1-inhibition","1"
"guideline-mcq:acute-gouty-arthritis","2"
"guideline-mcq:monoarthritis-differential-diagnosis-crystal-septic-reactive-seronegative-trauma","0"
"paper-mcq:delayed-haemolytic-transfusion-reactions","1"
"paper-mcq:delayed-haemolytic-transfusion-reactions","2"
"paper-mcq:delayed-haemolytic-transfusion-reactions","4"
"guideline-mcq:acute-haemolytic-transfusion-reactions","0"
"paper-mcq:stroke-and-tia","1"
"paper-mcq:acute-kidney-injury","1"
"paper-mcq:acute-kidney-injury","4"
"guideline-mcq:acute-leukaemia-of-ambiguous-lineage","3"
"paper-mcq:acute-liver-failure","0"
"paper-mcq:acute-liver-failure","1"
"paper-mcq:acute-liver-failure","4"
"guideline-mcq:Acute-liver-failure:-management-and-prognostic-criteria","0"
"guideline-mcq:acute-ms-relapse-high-dose-methylprednisolone-vs-plasma-exchange","0"
"guideline-mcq:acute-myeloid-leukaemia","1"
"cold-start-mcq:acute-myeloid-leukemia-venetoclax-azacitidine","2"
"paper-mcq:acute-pancreatitis","1"
"guideline-mcq:acute-pericarditis-colchicine-nsaids-recurrence-prevention","2"
"guideline-mcq:Acute-and-recurrent-pericarditis-colchicine","1"
"guideline-mcq:acute-thrombolysis","0"
"paper-mcq:acute-transplant-rejection","0"
"paper-mcq:acute-transplant-rejection","2"
"guideline-mcq:Kidney-transplant-antibody-mediated-rejection","1"
"guideline-mcq:ADHD-pharmacotherapy-(stimulants-and-comparative-meta-analys","1"
"curated-mcq:adrenal crisis hydrocortisone emergency protocol trigger avoidance sick day rules","17"
"guideline-mcq:adrenal-incidentaloma","0"
"guideline-mcq:adrenal-incidentaloma","1"
"guideline-mcq:adrenal-incidentaloma","3"
"guideline-mcq:adrenal-incidentaloma","4"
"cold-start-mcq:adrenal-incidentaloma","0"
"cold-start-mcq:adrenal-incidentaloma","2"
"guideline-mcq:adrenal-insufficiency-in-critical-illness-relative-adrenal-insufficiency-hydrocortisone","2"
"paper-mcq:adrenocortical-carcinoma-staging-mitotane-therapy-surgical-resection-prognosis","0"
"paper-mcq:adrenocortical-carcinoma-staging-mitotane-therapy-surgical-resection-prognosis","1"
"paper-mcq:adult-onset-still-s-disease","3"
"guideline-mcq:advanced-melanoma-immunotherapy","0"
"guideline-mcq:Advanced-renal-cell-carcinoma-immunotherapy","0"
"guideline-mcq:air-embolism-venous-vs-arterial-trendelenburg-positioning-hyperbaric-oxygen","1"
"cold-start-mcq:difficult-airway","3"
"cold-start-mcq:alcohol-withdrawal-benzodiazepine-treatment","3"
"cold-start-mcq:allergic-rhinitis-intranasal-steroids-and-immunotherapy","4"
"guideline-mcq:allergic-rhinitis-intranasal-steroids-and-immunotherapy","0"
"guideline-mcq:alpha-and-beta-thalassaemia","2"
"guideline-mcq:alport-syndrome","0"
"guideline-mcq:amegakaryocytic-thrombocytopenia","0"
"paper-mcq:aminoglycoside-dosing-once-daily-dosing-hartford-nomogram-ototoxicity-renal-monitoring","2"
"paper-mcq:aminoglycoside-dosing-once-daily-dosing-hartford-nomogram-ototoxicity-renal-monitoring","4"
"guideline-mcq:mpn-blast-phase-management","1"
"guideline-mcq:mpn-blast-phase-management","2"
"paper-mcq:aml-transformed-from-mpn","2"
"guideline-mcq:Amyotrophic-lateral-sclerosis-disease-modifying-therapy","2"
"guideline-mcq:amyotrophic-lateral-sclerosis-pulmonary-care","0"
"guideline-mcq:anal-canal-cancer","2"
"guideline-mcq:anaplastic-thyroid-cancer-rapid-progression-multimodal-treatment-dabrafenib","1"
"guideline-mcq:anaplastic-thyroid-cancer-rapid-progression-multimodal-treatment-dabrafenib","3"
"paper-mcq:anaplastic-thyroid-cancer-rapid-progression-multimodal-treatment-dabrafenib","1"
"paper-mcq:anaplastic-thyroid-cancer-rapid-progression-multimodal-treatment-dabrafenib","2"
"cold-start-mcq:anca-associated-vasculitis-steroid-sparing-therapy","0"
"cold-start-mcq:anca-associated-vasculitis-steroid-sparing-therapy","4"
"paper-mcq:axial-spondyloarthritis-asas-criteria-nr-axspa-vs-as-mri-sacroiliitis","0"
"paper-mcq:axial-spondyloarthritis-asas-criteria-nr-axspa-vs-as-mri-sacroiliitis","4"
"paper-mcq:inflammatory-vs-mechanical-back-pain-red-flags-mri-indications-as-vs-degenerative","1"
"guideline-mcq:axial-spondyloarthritis-asas-criteria-nr-axspa-vs-as-mri-sacroiliitis","0"
"guideline-mcq:axial-spondyloarthritis-asas-criteria-nr-axspa-vs-as-mri-sacroiliitis","2"
"paper-mcq:anorectal-disorders","1"
"paper-mcq:anorectal-disorders","2"
"guideline-mcq:anthracycline-cardiotoxicity","0"
"guideline-mcq:goodpasture-syndrome","3"
"guideline-mcq:anti-gbm-disease-and-goodpasture-syndrome","3"
"paper-mcq:il-6-inhibition-tocilizumab-sarilumab-in-ra-and-cytokine-storm-covid-19-trials","0"
"paper-mcq:il-6-inhibition-tocilizumab-sarilumab-in-ra-and-cytokine-storm-covid-19-trials","2"
"paper-mcq:il-6-inhibition-tocilizumab-sarilumab-in-ra-and-cytokine-storm-covid-19-trials","3"
"paper-mcq:il-6-inhibition-tocilizumab-sarilumab-in-ra-and-cytokine-storm-covid-19-trials","4"
"guideline-mcq:anti-tnf-alpha-therapies","2"
"cold-start-mcq:endocarditis-prophylaxis","0"
"paper-mcq:anticoagulation-in-malignancy","3"
"guideline-mcq:Epilepsy-antiseizure-medication-selection","2"
"paper-mcq:antifungal-agents-azoles-echinocandins-polyenes-mechanisms-spectrum-drug-interactions","0"
"paper-mcq:antifungal-agents-azoles-echinocandins-polyenes-mechanisms-spectrum-drug-interactions","1"
"paper-mcq:antifungal-agents-azoles-echinocandins-polyenes-mechanisms-spectrum-drug-interactions","2"
"paper-mcq:antifungal-agents-azoles-echinocandins-polyenes-mechanisms-spectrum-drug-interactions","3"
"paper-mcq:antifungals-in-icu","2"
"guideline-mcq:candidaemia-and-invasive-candidiasis-in-the-icu","3"
"guideline-mcq:Candidemia-and-invasive-fungal-infections-in-the-ICU","1"
"paper-mcq:pyelonephritis-inpatient-vs-outpatient-management-gram-negative-coverage-imaging-indications","1"
"paper-mcq:global-burden-bacterial-antimicrobial-resistance","2"
"paper-mcq:global-burden-bacterial-antimicrobial-resistance","4"
"guideline-mcq:antimicrobial-stewardship-program-implementation","2"
"guideline-mcq:antimicrobial-resistance-burden","3"
"paper-mcq:pneumonia","4"
"guideline-mcq:antimicrobial-stewardship-iv-to-oral-switch-duration-of-therapy-procalcitonin-guided-therapy","0"
"paper-mcq:antimicrobial-stewardship-iv-to-oral-switch-duration-of-therapy-procalcitonin-guided-therapy","0"
"paper-mcq:antimicrobial-stewardship-iv-to-oral-switch-duration-of-therapy-procalcitonin-guided-therapy","1"
"paper-mcq:antimicrobial-stewardship-iv-to-oral-switch-duration-of-therapy-procalcitonin-guided-therapy","2"
"paper-mcq:antimicrobial-stewardship-iv-to-oral-switch-duration-of-therapy-procalcitonin-guided-therapy","3"
"guideline-mcq:direct-oral-anticoagulants-dabigatran-rivaroxaban-apixaban-reversal-agents","2"
"cold-start-mcq:systemic-lupus-erythematosus","2"
"guideline-mcq:venous-thromboembolism-direct-oral-anticoagulant-therapy","2"
"guideline-mcq:Antiphospholipid-syndrome-anticoagulation-strategy","0"
"paper-mcq:antiphospholipid-syndrome-sapporo-criteria-thrombosis-obstetric-aps-management","1"
"paper-mcq:antiphospholipid-syndrome-sapporo-criteria-thrombosis-obstetric-aps-management","4"
"paper-mcq:antiphospholipid-syndrome","3"
"cold-start-mcq:aortic-stenosis-tavr","2"
"cold-start-mcq:aortic-stenosis-tavr","3"
"guideline-mcq:aortic-stenosis-tavr","1"
"guideline-mcq:aortic-stenosis-grading-severity-low-flow-low-gradient-intervention-timing","0"
"paper-mcq:tavi-aortic-stenosis","1"
"cold-start-mcq:apixaban-versus-rivaroxaban-atrial-fibrillation","0"
"cold-start-mcq:apixaban-versus-warfarin-atrial-fibrillation-aristotle","0"
"cold-start-mcq:apixaban-versus-warfarin-atrial-fibrillation-aristotle","1"
"cold-start-mcq:apixaban-versus-warfarin-atrial-fibrillation-aristotle","2"
"cold-start-mcq:apixaban-versus-warfarin-atrial-fibrillation-aristotle","3"
"paper-mcq:apixaban-versus-warfarin-atrial-fibrillation","0"
"paper-mcq:apixaban-versus-warfarin-atrial-fibrillation","3"
"guideline-mcq:apixaban-versus-warfarin-atrial-fibrillation-ARISTOTLE","0"
"guideline-mcq:apixaban-versus-warfarin-atrial-fibrillation-ARISTOTLE","1"
"guideline-mcq:apixaban-versus-warfarin-atrial-fibrillation-ARISTOTLE","2"
"paper-mcq:aplastic-anaemia","3"
"guideline-mcq:ards-berlin-definition-lung-protective-ventilation","1"
"guideline-mcq:ards","3"
"paper-mcq:prone-positioning-severe-acute-respiratory-distress-syndrome","2"
"paper-mcq:prone-positioning-severe-acute-respiratory-distress-syndrome","3"
"guideline-mcq:prone-positioning-in-moderate-severe-ards","1"
"paper-mcq:ards-prone-positioning","2"
"paper-mcq:prone-positioning-ards","0"
"paper-mcq:acid-base-disorders-in-the-icu-stewart-approach-and-mixed-disorders","2"
"paper-mcq:acid-base-disorders-in-the-icu-stewart-approach-and-mixed-disorders","3"
"guideline-mcq:neuropathic-leg-ulcer","2"
"paper-mcq:aspirin-cardiovascular-events-bleeding-healthy-elderly-primary-prevention","0"
"paper-mcq:aspirin-cardiovascular-events-bleeding-healthy-elderly-primary-prevention","1"
"paper-mcq:aspirin-cardiovascular-events-bleeding-healthy-elderly-primary-prevention","2"
"paper-mcq:aspirin-cardiovascular-events-bleeding-healthy-elderly-primary-prevention","3"
"paper-mcq:aspirin-cardiovascular-events-bleeding-healthy-elderly-primary-prevention","4"
"guideline-mcq:aspirin-for-primary-cardiovascular-prevention","0"
"paper-mcq:chronic-asthma","0"
"paper-mcq:asthma-severity-classification-and-step-care","1"
"paper-mcq:asthma-severity-classification-and-step-care","2"
"paper-mcq:asthma-severity-classification-and-step-care","3"
"cold-start-mcq:asthma-treatment-in-pregnancy","0"
"cold-start-mcq:asthma-reliever-controller-strategy","0"
"cold-start-mcq:inhaled-corticosteroid-long-acting-beta-agonist-asthma-smart-strategy","1"
"cold-start-mcq:inhaled-corticosteroid-long-acting-beta-agonist-asthma-smart-strategy","4"
"curated-mcq:atrial fibrillation anticoagulation","13"
"curated-mcq:atrial fibrillation anticoagulation","18"
"cold-start-mcq:atrial-fibrillation","2"
"guideline-mcq:atrial-fibrillation-anticoagulation","2"
"guideline-mcq:atrial-fibrillation-anticoagulation","3"
"guideline-mcq:adult-congenital-heart-disease-eisenmenger-syndrome-residual-lesions-transition-care","3"
"guideline-mcq:symptomatic-bradycardia-atropine-temporary-pacing-transcutaneous-pacing","1"
"guideline-mcq:symptomatic-bradycardia-atropine-temporary-pacing-transcutaneous-pacing","2"
"paper-mcq:anticoagulation-reversal-and-peri-procedural-management","0"
"guideline-mcq:atypical-pneumonia-pathogens-mycoplasma-chlamydophila-q-fever-coxiella-diagnosis-and-treatment","1"
"paper-mcq:autoantibody-panel-interpretation-ana-ena-dsdna-anca-rf-anti-ccp-clinical-utility","1"
"paper-mcq:autoantibody-panel-interpretation-ana-ena-dsdna-anca-rf-anti-ccp-clinical-utility","2"
"paper-mcq:autoantibody-panel-interpretation-ana-ena-dsdna-anca-rf-anti-ccp-clinical-utility","3"
"paper-mcq:autoantibody-panel-interpretation-ana-ena-dsdna-anca-rf-anti-ccp-clinical-utility","4"
"guideline-mcq:systemic-lupus-erythematosus","0"
"guideline-mcq:autoantibody-panel-interpretation-ana-ena-dsdna-anca-rf-anti-ccp-clinical-utility","3"
"cold-start-mcq:hypothyroidism","0"
"guideline-mcq:autoimmune-gastritis-and-pernicious-anaemia","0"
"guideline-mcq:recurrent-disease-in-the-transplant","0"
"guideline-mcq:autoimmune-pancreatitis","1"
"guideline-mcq:autoimmune-polyglandular-syndrome-aps-1-and-aps-2-aire-mutation-clinical-overlap","0"
"guideline-mcq:autoimmune-polyglandular-syndrome-aps-1-and-aps-2-aire-mutation-clinical-overlap","1"
"paper-mcq:autoimmune-polyglandular-syndrome-aps-1-and-aps-2-aire-mutation-clinical-overlap","1"
"paper-mcq:autoimmune-polyglandular-syndrome-aps-1-and-aps-2-aire-mutation-clinical-overlap","2"
"paper-mcq:autoimmune-polyglandular-syndrome-aps-1-and-aps-2-aire-mutation-clinical-overlap","3"
"paper-mcq:autoimmune-polyglandular-syndrome-aps-1-and-aps-2-aire-mutation-clinical-overlap","4"
"paper-mcq:avascular-necrosis-of-bone","2"
"paper-mcq:avascular-necrosis-of-bone","3"
"paper-mcq:tnf-and-il-17-inhibitors-in-axspa-secukinumab-ixekizumab-comparative-efficacy","1"
"paper-mcq:tnf-and-il-17-inhibitors-in-axspa-secukinumab-ixekizumab-comparative-efficacy","2"
"paper-mcq:tnf-and-il-17-inhibitors-in-axspa-secukinumab-ixekizumab-comparative-efficacy","3"
"guideline-mcq:azathioprine-in-rheumatic-disease-tpmt-testing-dosing-bone-marrow-suppression","3"
"paper-mcq:azathioprine-in-rheumatic-disease-tpmt-testing-dosing-bone-marrow-suppression","0"
"paper-mcq:azathioprine-in-rheumatic-disease-tpmt-testing-dosing-bone-marrow-suppression","2"
"paper-mcq:azathioprine-in-rheumatic-disease-tpmt-testing-dosing-bone-marrow-suppression","3"
"paper-mcq:azathioprine-in-rheumatic-disease-tpmt-testing-dosing-bone-marrow-suppression","4"
"paper-mcq:bariatric-surgery-complications","2"
"paper-mcq:bariatric-surgery-sleeve-gastrectomy-vs-rygb-nutritional-deficiencies-dumping-syndrome","0"
"paper-mcq:bariatric-surgery-sleeve-gastrectomy-vs-rygb-nutritional-deficiencies-dumping-syndrome","1"
"paper-mcq:bariatric-surgery-sleeve-gastrectomy-vs-rygb-nutritional-deficiencies-dumping-syndrome","2"
"paper-mcq:bariatric-surgery-sleeve-gastrectomy-vs-rygb-nutritional-deficiencies-dumping-syndrome","4"
"guideline-mcq:bariatric-surgery-sleeve-gastrectomy-vs-rygb-nutritional-deficiencies-dumping-syndrome","3"
"cold-start-mcq:bariatric-surgery","3"
"paper-mcq:type-2-diabetes-mellitus-insulin-resistance-beta-cell-failure-treatment-targets","2"
"guideline-mcq:barretts-oesophagus-surveillance-and-management","0"
"guideline-mcq:barretts-oesophagus-surveillance-and-management","2"
"guideline-mcq:barretts-oesophagus-surveillance-and-management","3"
"guideline-mcq:bartter-and-gitelman-syndromes","0"
"guideline-mcq:bartter-and-gitelman-syndromes","3"
"guideline-mcq:Behcet-syndrome-mucocutaneous-and-organ-disease","1"
"paper-mcq:beh-et-s-disease","0"
"paper-mcq:behcet-disease-oral-and-genital-ulcers-uveitis-pathergy-colchicine-immunosuppression","2"
"paper-mcq:behcet-disease-oral-and-genital-ulcers-uveitis-pathergy-colchicine-immunosuppression","3"
"guideline-mcq:belimumab-in-lupus-therapy","2"
"guideline-mcq:Systemic-lupus-erythematosus-biologic-therapy","2"
"guideline-mcq:bempedoic-acid-cardiovascular-outcomes","2"
"guideline-mcq:Bempedoic-acid-cardiovascular-outcomes","0"
"guideline-mcq:Bempedoic-acid-cardiovascular-outcomes","2"
"guideline-mcq:benign-paroxysmal-positional-vertigo-bppv-dix-hallpike-test-epley-vs-semont-maneuvers","3"
"guideline-mcq:benign-paroxysmal-positional-vertigo-bppv-dix-hallpike-epley-manoeuvre","3"
"guideline-mcq:beryllium-disease","2"
"guideline-mcq:beta-blockers-in-heart-failure-carvedilol-bisoprolol-metoprolol-succinate-titration","0"
"paper-mcq:hypersensitivity-pneumonitis-variants-by-antigen","3"
"guideline-mcq:antibiotic-stewardship-in-critical-care-de-escalation-and-duration","1"
"paper-mcq:beta-lactam-allergy-penicillin-allergy-delabelling-cross-reactivity-skin-testing-graded-challenge","1"
"paper-mcq:beta-lactam-allergy-penicillin-allergy-delabelling-cross-reactivity-skin-testing-graded-challenge","4"
"guideline-mcq:biliary-strictures","0"
"guideline-mcq:biliary-strictures","2"
"guideline-mcq:biliary-strictures","3"
"guideline-mcq:biofilm-associated-infections-chronic-wounds-prosthetics-catheters-rifampicin-strategies","1"
"paper-mcq:biologic-induced-psoriasis-and-paradoxical-reactions","2"
"paper-mcq:biologics-and-malignancy-risk-lymphoma-solid-tumours-non-melanoma-skin-cancer","0"
"paper-mcq:biologics-and-malignancy-risk-lymphoma-solid-tumours-non-melanoma-skin-cancer","1"
"paper-mcq:biologics-and-malignancy-risk-lymphoma-solid-tumours-non-melanoma-skin-cancer","3"
"paper-mcq:biologics-and-malignancy-risk-lymphoma-solid-tumours-non-melanoma-skin-cancer","4"
"guideline-mcq:bipolar-depression-pharmacotherapy","1"
"guideline-mcq:bipolar-mania-acute-pharmacotherapy","3"
"cold-start-mcq:bipolar-mania-acute-pharmacotherapy","2"
"cold-start-mcq:bipolar-mania-acute-pharmacotherapy","3"
"paper-mcq:bisphosphonates-in-osteoporosis-alendronate-zoledronate-drug-holidays-atypical-fractures","0"
"paper-mcq:bisphosphonates-in-osteoporosis-alendronate-zoledronate-drug-holidays-atypical-fractures","3"
"paper-mcq:bisphosphonates-in-osteoporosis-alendronate-zoledronate-drug-holidays-atypical-fractures","4"
"guideline-mcq:perioperative-risk-assessment","0"
"guideline-mcq:advanced-urothelial-carcinoma-treatment","3"
"guideline-mcq:bladder-cancer","1"
"guideline-mcq:Advanced-urothelial-carcinoma-treatment","2"
"paper-mcq:blood-culture-technique-timing-volume-number-of-sets-contamination-rates","1"
"paper-mcq:blood-culture-technique-timing-volume-number-of-sets-contamination-rates","2"
"paper-mcq:pancytopenia-diagnostic-workup","0"
"guideline-mcq:metastatic-colorectal-cancer-systemic-therapy-sequencing","2"
"guideline-mcq:metastatic-colorectal-cancer-systemic-therapy-sequencing","3"
"guideline-mcq:lung-cancer-screening-low-dose-ct","2"
"paper-mcq:botulism-foodborne-vs-wound-vs-infantile-antitoxin-icu-respiratory-support","0"
"paper-mcq:botulism-foodborne-vs-wound-vs-infantile-antitoxin-icu-respiratory-support","1"
"paper-mcq:botulism-foodborne-vs-wound-vs-infantile-antitoxin-icu-respiratory-support","2"
"paper-mcq:botulism-foodborne-vs-wound-vs-infantile-antitoxin-icu-respiratory-support","3"
"paper-mcq:botulism-foodborne-vs-wound-vs-infantile-antitoxin-icu-respiratory-support","4"
"guideline-mcq:botulism-foodborne-vs-wound-vs-infantile-antitoxin-icu-respiratory-support","1"
"guideline-mcq:botulism-foodborne-vs-wound-vs-infantile-antitoxin-icu-respiratory-support","2"
"guideline-mcq:botulism-foodborne-vs-wound-vs-infantile-antitoxin-icu-respiratory-support","3"
"guideline-mcq:brain-death-determination-clinical-criteria-and-ancillary-testing","1"
"guideline-mcq:brain-death-determination-clinical-criteria-and-ancillary-testing","3"
"guideline-mcq:bronchial-provocation-testing","0"
"guideline-mcq:Bronchiectasis-long-term-macrolide-therapy","0"
"paper-mcq:bronchiolitis-assessment-risk-stratification-and-management","1"
"paper-mcq:bronchiolitis-and-viral-wheeze","0"
"paper-mcq:bronchiolitis-and-viral-wheeze","1"
"paper-mcq:bronchiolitis-and-viral-wheeze","3"
"paper-mcq:bronchiolitis-and-viral-wheeze","4"
"paper-mcq:brucellosis-occupational-exposure-serology-doxycycline-rifampicin-combination-relapse","0"
"paper-mcq:brucellosis-occupational-exposure-serology-doxycycline-rifampicin-combination-relapse","3"
"guideline-mcq:burkitt-lymphoma","2"
"cold-start-mcq:burkitt-lymphoma","1"
"cold-start-mcq:burkitt-lymphoma","2"
"paper-mcq:burkitt-lymphoma","0"
"paper-mcq:vapor-gas-dust-and-fume-exposures","3"
"guideline-mcq:byssinosis","0"
"guideline-mcq:byssinosis","1"
"guideline-mcq:byssinosis","2"
"guideline-mcq:byssinosis","3"
"guideline-mcq:C3-glomerulopathy-and-complement-inhibition","0"
"guideline-mcq:C3-glomerulopathy-and-complement-inhibition","1"
"guideline-mcq:C3-glomerulopathy-and-complement-inhibition","2"
"guideline-mcq:coronary-revascularisation-in-multivessel-disease-syntax-score-pci-vs-cabg","0"
"guideline-mcq:CABG-versus-PCI-multivessel-coronary-disease","0"
"guideline-mcq:CABG-versus-PCI-multivessel-coronary-disease","1"
"guideline-mcq:CABG-versus-PCI-multivessel-coronary-disease","2"
"guideline-mcq:cadasil-genetic-features-mri-findings-clinical-course","1"
"paper-mcq:calcium-pyrophosphate-deposition-cppd-pseudogout-chondrocalcinosis-crowned-dens","0"
"paper-mcq:canakinumab-anti-inflammatory-therapy-atherosclerotic-disease","1"
"paper-mcq:canakinumab-anti-inflammatory-therapy-atherosclerotic-disease","2"
"guideline-mcq:cancer-cachexia","0"
"paper-mcq:cancer-cachexia","0"
"paper-mcq:cancer-cachexia","1"
"guideline-mcq:cancer-genetics-and-hereditary-syndromes","1"
"guideline-mcq:colorectal-cancer-screening-and-surveillance","1"
"guideline-mcq:cancer-pain-and-who-analgesic-ladder","0"
"paper-mcq:candida-bloodstream-infection-echocardiography-ophthalmology-review-echinocandin-catheter-removal","1"
"paper-mcq:candida-bloodstream-infection-echocardiography-ophthalmology-review-echinocandin-catheter-removal","2"
"paper-mcq:candida-bloodstream-infection-echocardiography-ophthalmology-review-echinocandin-catheter-removal","3"
"guideline-mcq:candida-bloodstream-infection-echocardiography-ophthalmology-review-echinocandin-catheter-removal","0"
"guideline-mcq:capsule-endoscopy","0"
"paper-mcq:obscure-gi-bleeding","0"
"paper-mcq:obscure-gi-bleeding","1"
"paper-mcq:car-t-cell-therapy-refractory-large-b-cell-lymphoma-axicabtagene","2"
"paper-mcq:car-t-cell-therapy-refractory-large-b-cell-lymphoma-axicabtagene","3"
"paper-mcq:car-t-cell-therapy-refractory-large-b-cell-lymphoma-axicabtagene","4"
"guideline-mcq:Diffuse-large-B-cell-lymphoma:-CAR-T-cell-therapy-in-relapse","1"
"paper-mcq:carcinoid-tumour-and-carcinoid-syndrome-serotonin-octreotide-liver-metastases","0"
"paper-mcq:carcinoid-tumour-and-carcinoid-syndrome-serotonin-octreotide-liver-metastases","1"
"paper-mcq:carcinoid-tumour-and-carcinoid-syndrome-serotonin-octreotide-liver-metastases","3"
"paper-mcq:carcinoid-tumour-and-carcinoid-syndrome-serotonin-octreotide-liver-metastases","4"
"guideline-mcq:carcinoid-tumour-and-carcinoid-syndrome-serotonin-octreotide-liver-metastases","0"
"guideline-mcq:carcinoid-tumours-and-small-bowel-neuroendocrine-tumours","1"
"paper-mcq:aa-amyloidosis-secondary-to-chronic-arthritis","2"
"guideline-mcq:transthyretin-amyloidosis-treatment","1"
"guideline-mcq:cardiac-myxoma-clinical-features-embolism-risk-surgical-excision","0"
"guideline-mcq:cardiac-resynchronisation-therapy-patient-selection-qrs-criteria-response-predictors","1"
"guideline-mcq:cardiac-resynchronisation-therapy-patient-selection-qrs-criteria-response-predictors","3"
"guideline-mcq:pacemaker-indications-sinus-node-dysfunction-av-block-niceesc-criteria","0"
"guideline-mcq:Cardiac-resynchronization-therapy-in-heart-failure","0"
"guideline-mcq:Cardiac-resynchronization-therapy-in-heart-failure","2"
"paper-mcq:cardiac-resynchronization-therapy-heart-failure-companion-trial","1"
"paper-mcq:cardiac-resynchronization-therapy-heart-failure-companion-trial","2"
"paper-mcq:cardiac-resynchronization-therapy-heart-failure-companion-trial","3"
"guideline-mcq:cardiac-tamponade-becks-triad-pericardiocentesis-surgical-drainage","0"
"guideline-mcq:cardiogenic-shock-classification-and-early-mechanical-circulatory-support","2"
"guideline-mcq:cardiogenic-shock-aetiology-diagnosis-and-mechanical-circulatory-support","0"
"guideline-mcq:cardiogenic-shock-aetiology-diagnosis-and-mechanical-circulatory-support","3"
"guideline-mcq:Cardiogenic-shock-mechanical-circulatory-support","2"
"guideline-mcq:cardiogenic-shock-intra-aortic-balloon-pump-and-revascularization","0"
"guideline-mcq:Cardiogenic-shock:-intra-aortic-balloon-pump-and-revasculari","0"
"paper-mcq:cardiovascular-outcomes-in-diabetes-sglt2i-and-glp-1-agonist-trial-evidence","0"
"paper-mcq:cardiovascular-outcomes-in-diabetes-sglt2i-and-glp-1-agonist-trial-evidence","3"
"paper-mcq:cardiovascular-outcomes-in-diabetes-sglt2i-and-glp-1-agonist-trial-evidence","4"
"guideline-mcq:carotid-and-vertebral-artery-dissection-antiplatelets-vs-anticoagulation-paradigms","3"
"paper-mcq:carpal-tunnel-syndrome-median-nerve-compression-phalen-emg-conservative-vs-surgical","0"
"paper-mcq:carpal-tunnel-syndrome-median-nerve-compression-phalen-emg-conservative-vs-surgical","1"
"paper-mcq:carpal-tunnel-syndrome-median-nerve-compression-phalen-emg-conservative-vs-surgical","3"
"guideline-mcq:entrapment-neuropathies-carpal-tunnel-cubital-tunnel-peroneal-nerve-compression","0"
"guideline-mcq:carpal-tunnel-syndrome-median-nerve-compression-phalen-emg-conservative-vs-surgical","2"
"guideline-mcq:carpal-tunnel-syndrome-median-nerve-compression-phalen-emg-conservative-vs-surgical","3"
"paper-mcq:castration-resistant-prostate-cancer","1"
"paper-mcq:castration-resistant-prostate-cancer","3"
"guideline-mcq:Metastatic-castration-sensitive-prostate-cancer","1"
"guideline-mcq:antimicrobial-stewardship-program-implementation","0"
"paper-mcq:cellulitis-and-skin-and-soft-tissue-infections-eron-classification-mrsa-risk-treatment-duration","2"
"guideline-mcq:Skin-and-soft-tissue-infection-antibiotic-strategy","0"
"paper-mcq:cellulitis-erysipelas-and-mimics","1"
"paper-mcq:cellulitis-erysipelas-and-mimics","2"
"guideline-mcq:haemodialysis-complications","3"
"paper-mcq:central-line-associated-bloodstream-infection-clabsi-prevention-bundles-diagnosis-treatment","2"
"paper-mcq:central-line-associated-bloodstream-infection-clabsi-prevention-bundles-diagnosis-treatment","4"
"guideline-mcq:haemodialysis-complications","0"
"guideline-mcq:esbl-enterobacterales-bloodstream-infection-therapy","2"
"guideline-mcq:skin-and-soft-tissue-infection-antibiotic-strategy","1"
"guideline-mcq:cerebral-venous-sinus-thrombosis-cvst-risk-factors-anticoagulation-choices","1"
"guideline-mcq:cerebral-venous-sinus-thrombosis-cvst-risk-factors-anticoagulation-choices","2"
"guideline-mcq:cerebral-venous-sinus-thrombosis-cvst-risk-factors-anticoagulation-choices","3"
"guideline-mcq:checkpoint-inhibitor-myocarditis","1"
"guideline-mcq:checkpoint-inhibitor-myocarditis","2"
"guideline-mcq:nonspecific-interstitial-pneumonia","2"
"guideline-mcq:chemotherapy-extravasation","1"
"guideline-mcq:chemotherapy-extravasation","2"
"cold-start-mcq:chest-pain-ed","1"
"paper-mcq:chest-pain-assessment-in-the-ed","0"
"paper-mcq:chest-pain-assessment-in-the-ed","1"
"paper-mcq:chest-pain-assessment-in-the-ed","2"
"paper-mcq:chest-pain-assessment-in-the-ed","3"
"paper-mcq:chest-pain-assessment-in-the-ed","4"
"paper-mcq:cholangiocarcinoma","2"
"guideline-mcq:Cholangiocarcinoma-systemic-therapy","1"
"guideline-mcq:choledocholithiasis-and-acute-cholangitis","3"
"guideline-mcq:Choledocholithiasis-and-acute-cholangitis-endoscopy","0"
"guideline-mcq:cholelithiasis-and-biliary-colic","0"
"guideline-mcq:cholelithiasis-and-biliary-colic","1"
"paper-mcq:cholelithiasis-and-biliary-colic","2"
"guideline-mcq:cholera-and-vibrio-infections-oral-rehydration-doxycycline-epidemic-control-vaccination","2"
"guideline-mcq:cholera-and-vibrio-infections-oral-rehydration-doxycycline-epidemic-control-vaccination","3"
"guideline-mcq:chronic-allograft-dysfunction","3"
"guideline-mcq:chronic-inflammatory-demyelinating-polyradiculoneuropathy-cidp-electrodiagnostic-criteria-maintenance-therapies","2"
"cold-start-mcq:atrial-fibrillation-anticoagulation-chronic-kidney-disease-stroke-prevention","0"
"cold-start-mcq:ckd-referral-thresholds","0"
"paper-mcq:canagliflozin-renal-outcomes-type-2-diabetes-nephropathy","0"
"paper-mcq:canagliflozin-renal-outcomes-type-2-diabetes-nephropathy","3"
"cold-start-mcq:chronic-kidney-disease-sglt2-inhibitors","0"
"cold-start-mcq:chronic-kidney-disease-sglt2-inhibitors","1"
"paper-mcq:sglt2-inhibitors-in-ckd-and-nephrology","0"
"paper-mcq:slowing-ckd-progression","1"
"guideline-mcq:sglt2-inhibitors-in-ckd-and-nephrology","1"
"guideline-mcq:Type-2-diabetes-cardiovascular-outcomes","1"
"guideline-mcq:canagliflozin-chronic-kidney-disease-CREDENCE-trial","1"
"cold-start-mcq:imatinib-versus-interferon-chronic-myeloid-leukemia-iris-trial","0"
"cold-start-mcq:imatinib-versus-interferon-chronic-myeloid-leukemia-iris-trial","1"
"cold-start-mcq:imatinib-versus-interferon-chronic-myeloid-leukemia-iris-trial","2"
"cold-start-mcq:imatinib-versus-interferon-chronic-myeloid-leukemia-iris-trial","3"
"guideline-mcq:chronic-myelomonocytic-leukaemia","3"
"paper-mcq:chronic-neutrophilic-leukaemia","0"
"paper-mcq:chronic-neutrophilic-leukaemia","2"
"paper-mcq:chronic-neutrophilic-leukaemia","3"
"paper-mcq:chronic-pancreatitis","2"
"guideline-mcq:chronic-pancreatitis-pain-and-exocrine-insufficiency","3"
"cold-start-mcq:chronic-spontaneous-urticaria-omalizumab","0"
"cold-start-mcq:chronic-spontaneous-urticaria-omalizumab","4"
"cold-start-mcq:pulmonary-embolism","1"
"guideline-mcq:chronic-thromboembolic-pulmonary-hypertension","0"
"guideline-mcq:chronic-thromboembolic-pulmonary-hypertension","3"
"cold-start-mcq:gout-flare-treatment","0"
"paper-mcq:ckd-mbd-mineral-and-bone-disorder","0"
"guideline-mcq:ckd-staging-and-progression","1"
"guideline-mcq:class-i-antiarrhythmics-flecainide-propafenone-quinidine-use-and-contraindications","0"
"guideline-mcq:Recurrent-Clostridioides-difficile-infection","1"
"paper-mcq:clostridioides-difficile-infection-severity-grading-vancomycin-fidaxomicin-fmt-bezlotoxumab","0"
"paper-mcq:clostridioides-difficile-infection-severity-grading-vancomycin-fidaxomicin-fmt-bezlotoxumab","3"
"paper-mcq:cmv-disease-in-immunocompromised-retinitis-colitis-pneumonitis-ganciclovir-valganciclovir","0"
"paper-mcq:cmv-disease-in-immunocompromised-retinitis-colitis-pneumonitis-ganciclovir-valganciclovir","2"
"paper-mcq:cmv-disease-in-immunocompromised-retinitis-colitis-pneumonitis-ganciclovir-valganciclovir","4"
"guideline-mcq:coal-workers-pneumoconiosis","3"
"cold-start-mcq:urticaria","3"
"guideline-mcq:cocaine-induced-myocardial-infarction-pathophysiology-and-management","2"
"paper-mcq:coeliac-disease","2"
"guideline-mcq:colonic-polyp-management","1"
"cold-start-mcq:common-variable-immunodeficiency-diagnosis-and-infection-prevention","0"
"curated-mcq:community-acquired pneumonia","12"
"cold-start-mcq:community-acquired-pneumonia-curb-65-psi-empirical-therapy-atypical-pathogens","2"
"guideline-mcq:Compartment-syndrome:-diagnosis-and-emergency-management","0"
"guideline-mcq:complex-regional-pain-syndrome","1"
"guideline-mcq:complex-regional-pain-syndrome","2"
"curated-mcq:congenital adrenal hyperplasia 21-hydroxylase deficiency glucocorticoid replacement","2"
"paper-mcq:congenital-adrenal-hyperplasia-21-hydroxylase-deficiency-glucocorticoid-replacement","2"
"paper-mcq:congenital-adrenal-hyperplasia-21-hydroxylase-deficiency-glucocorticoid-replacement","3"
"guideline-mcq:Conservative-oxygen-therapy-in-mechanically-ventilated-patie","0"
"guideline-mcq:Conservative-oxygen-therapy-in-mechanically-ventilated-patie","1"
"curated-mcq:constipation and pelvic floor disorders","12"
"guideline-mcq:constipation-and-pelvic-floor-disorders","0"
"guideline-mcq:constrictive-pericarditis-haemodynamic-features-pericardiectomy-indications","3"
"guideline-mcq:Contact-dermatitis:-irritant-vs-allergic,-patch-testing-and-","2"
"paper-mcq:continuous-glucose-monitoring-cgm-time-in-range-targets-hybrid-closed-loop","4"
"paper-mcq:continuous-renal-replacement-therapy","0"
"paper-mcq:continuous-renal-replacement-therapy","1"
"paper-mcq:acute-asthma-and-copd-exacerbations","0"
"paper-mcq:acute-asthma-and-copd-exacerbations","1"
"paper-mcq:acute-asthma-and-copd-exacerbations","2"
"cold-start-mcq:copd-diagnosis-and-staging","1"
"cold-start-mcq:copd-diagnosis-and-staging","3"
"paper-mcq:copd","3"
"guideline-mcq:COPD-maintenance-bronchodilator-combination-therapy","1"
"guideline-mcq:acute-exacerbation-of-copd","1"
"cold-start-mcq:acute-copd-exacerbation","2"
"paper-mcq:acute-asthma-and-copd-exacerbations","3"
"cold-start-mcq:copd-management","3"
"cold-start-mcq:gold-copd-strategies","1"
"cold-start-mcq:gold-copd-strategies","3"
